uid,blink,artist,title
36,https://www.buehrle.ch/sammlung/?tx_buehrlewerkliste_werkliste%5Bwerk%5D=36&tx_buehrlewerkliste_werkliste%5Bcontext%5D=t&tx_buehrlewerkliste_werkliste%5Baction%5D=show&cHash=92fc220f8c44d1a08078ead01fe54a8f,Paul Cézanne,Der Knabe mit der roten Weste
41,https://www.buehrle.ch/sammlung/?tx_buehrlewerkliste_werkliste%5Bwerk%5D=41&tx_buehrlewerkliste_werkliste%5Bcontext%5D=t&tx_buehrlewerkliste_werkliste%5Baction%5D=show&cHash=bf4cfdccd43fc40c0e8fc1f4d618e3e1,Camille Corot,Das lesende Mädchen
54,https://www.buehrle.ch/sammlung/?tx_buehrlewerkliste_werkliste%5Bwerk%5D=54&tx_buehrlewerkliste_werkliste%5Bcontext%5D=t&tx_buehrlewerkliste_werkliste%5Baction%5D=show&cHash=8f981e0f342580eef230d049723b3ade,Edgar Degas,Ludovic Lepic und seine Töchter
69,https://www.buehrle.ch/sammlung/?tx_buehrlewerkliste_werkliste%5Bwerk%5D=69&tx_buehrlewerkliste_werkliste%5Bcontext%5D=t&tx_buehrlewerkliste_werkliste%5Baction%5D=show&cHash=f96b699a37df4063db0283a7f9989148,Paul Gauguin,Die Opfergabe
74,https://www.buehrle.ch/sammlung/?tx_buehrlewerkliste_werkliste%5Bwerk%5D=74&tx_buehrlewerkliste_werkliste%5Bcontext%5D=t&tx_buehrlewerkliste_werkliste%5Baction%5D=show&cHash=73f3267e511edaba4e9ecf9e5ece00d8,Vincent van Gogh,Der Sämann bei untergehender Sonne
82,https://www.buehrle.ch/sammlung/?tx_buehrlewerkliste_werkliste%5Bwerk%5D=82&tx_buehrlewerkliste_werkliste%5Bcontext%5D=t&tx_buehrlewerkliste_werkliste%5Baction%5D=show&cHash=4eb6e8165bd7bf5ba79e435316b1cdfe,Edouard Manet,Im Garten der Villa Bellevue
86,https://www.buehrle.ch/sammlung/?tx_buehrlewerkliste_werkliste%5Bwerk%5D=86&tx_buehrlewerkliste_werkliste%5Bcontext%5D=t&tx_buehrlewerkliste_werkliste%5Baction%5D=show&cHash=1c1b19bb35d887d491a59cc4d943076a,Claude Monet,Mohnblumenfeld bei Vétheuil
91,https://www.buehrle.ch/sammlung/?tx_buehrlewerkliste_werkliste%5Bwerk%5D=91&tx_buehrlewerkliste_werkliste%5Bcontext%5D=t&tx_buehrlewerkliste_werkliste%5Baction%5D=show&cHash=d0ee147ee587d41d90e1d724fe577f3d,Camille Pissarro,"Das Gespräch, Louveciennes"
101,https://www.buehrle.ch/sammlung/?tx_buehrlewerkliste_werkliste%5Bwerk%5D=101&tx_buehrlewerkliste_werkliste%5Bcontext%5D=t&tx_buehrlewerkliste_werkliste%5Baction%5D=show&cHash=8158ca23ce473599ed400016e04838da,Auguste Renoir,Irène Cahen d`Anvers (Die kleine Irene)
106,https://www.buehrle.ch/sammlung/?tx_buehrlewerkliste_werkliste%5Bwerk%5D=106&tx_buehrlewerkliste_werkliste%5Bcontext%5D=t&tx_buehrlewerkliste_werkliste%5Baction%5D=show&cHash=15be6c52cf3576c71b71d9a9fd104716,Paul Signac,Die Hutmacherinnen
98,https://www.buehrle.ch/sammlung/?tx_buehrlewerkliste_werkliste%5Bwerk%5D=98&tx_buehrlewerkliste_werkliste%5Bcontext%5D=t&tx_buehrlewerkliste_werkliste%5Baction%5D=show&cHash=b8f2aa8169db7a05b5dea3402e0e6c66,Alfred Sisley,Sommer bei Argenteuil (Sommer bei Bougival)
113,https://www.buehrle.ch/sammlung/?tx_buehrlewerkliste_werkliste%5Bwerk%5D=113&tx_buehrlewerkliste_werkliste%5Bcontext%5D=t&tx_buehrlewerkliste_werkliste%5Baction%5D=show&cHash=a4b51c4f6a29896f1e7612aa8da80e88,Henri de Toulouse-Lautrec,Messaline
31,https://www.buehrle.ch/sammlung/?tx_buehrlewerkliste_werkliste%5Bwerk%5D=31&tx_buehrlewerkliste_werkliste%5Bcontext%5D=t&tx_buehrlewerkliste_werkliste%5Baction%5D=show&cHash=d06a2475280647c6144f82890826b70a,Paul Cézanne,Fabriken beim Mont de Cengle
32,https://www.buehrle.ch/sammlung/?tx_buehrlewerkliste_werkliste%5Bwerk%5D=32&tx_buehrlewerkliste_werkliste%5Bcontext%5D=t&tx_buehrlewerkliste_werkliste%5Baction%5D=show&cHash=c8537d9371357bfd24d2000c43ef734e,Paul Cézanne,Die Versuchung des Heiligen Antonius
33,https://www.buehrle.ch/sammlung/?tx_buehrlewerkliste_werkliste%5Bwerk%5D=33&tx_buehrlewerkliste_werkliste%5Bcontext%5D=t&tx_buehrlewerkliste_werkliste%5Baction%5D=show&cHash=f2bb30109a2d9279c4ec71d76b3a2a12,Paul Cézanne,Blumen und Früchte
34,https://www.buehrle.ch/sammlung/?tx_buehrlewerkliste_werkliste%5Bwerk%5D=34&tx_buehrlewerkliste_werkliste%5Bcontext%5D=t&tx_buehrlewerkliste_werkliste%5Baction%5D=show&cHash=db15bbc3c37ee281cee24bb4e494b7a9,Paul Cézanne,Madame Cézanne mit dem Fächer
35,https://www.buehrle.ch/sammlung/?tx_buehrlewerkliste_werkliste%5Bwerk%5D=35&tx_buehrlewerkliste_werkliste%5Bcontext%5D=t&tx_buehrlewerkliste_werkliste%5Baction%5D=show&cHash=32e2ae49e64522d177472e40c13364fd,Paul Cézanne,Landschaft
37,https://www.buehrle.ch/sammlung/?tx_buehrlewerkliste_werkliste%5Bwerk%5D=37&tx_buehrlewerkliste_werkliste%5Bcontext%5D=t&tx_buehrlewerkliste_werkliste%5Baction%5D=show&cHash=38eaf016c31fbbfe8719c6ab3a0f00af,Paul Cézanne,Selbstbildnis mit Palette
38,https://www.buehrle.ch/sammlung/?tx_buehrlewerkliste_werkliste%5Bwerk%5D=38&tx_buehrlewerkliste_werkliste%5Bcontext%5D=t&tx_buehrlewerkliste_werkliste%5Baction%5D=show&cHash=9b13f005d912979f0b069f77e80fd636,Paul Cézanne,Der Mont de Cengle
39,https://www.buehrle.ch/sammlung/?tx_buehrlewerkliste_werkliste%5Bwerk%5D=39&tx_buehrlewerkliste_werkliste%5Bcontext%5D=t&tx_buehrlewerkliste_werkliste%5Baction%5D=show&cHash=70fef45b290f455c1a0b4315f8b5f7e0,Paul Cézanne,Der Gärtner Vallier
66,https://www.buehrle.ch/sammlung/?tx_buehrlewerkliste_werkliste%5Bwerk%5D=66&tx_buehrlewerkliste_werkliste%5Bcontext%5D=t&tx_buehrlewerkliste_werkliste%5Baction%5D=show&cHash=e963293baff874e9681fc2222b9fa17c,Paul Gauguin,Idyll auf Tahiti
67,https://www.buehrle.ch/sammlung/?tx_buehrlewerkliste_werkliste%5Bwerk%5D=67&tx_buehrlewerkliste_werkliste%5Bcontext%5D=t&tx_buehrlewerkliste_werkliste%5Baction%5D=show&cHash=4cf3667bd7320c0012c2e044c1aa44b2,Paul Gauguin,Sonnenblumen auf einem Armsessel
68,https://www.buehrle.ch/sammlung/?tx_buehrlewerkliste_werkliste%5Bwerk%5D=68&tx_buehrlewerkliste_werkliste%5Bcontext%5D=t&tx_buehrlewerkliste_werkliste%5Baction%5D=show&cHash=b8d740e7211490a69cbc22f0e69ba7b3,Paul Gauguin,Früchte und Messer
70,https://www.buehrle.ch/sammlung/?tx_buehrlewerkliste_werkliste%5Bwerk%5D=70&tx_buehrlewerkliste_werkliste%5Bcontext%5D=t&tx_buehrlewerkliste_werkliste%5Baction%5D=show&cHash=baedce41cbc27de4755f3fa3276c4068,Vincent van Gogh,Der alte Turm
71,https://www.buehrle.ch/sammlung/?tx_buehrlewerkliste_werkliste%5Bwerk%5D=71&tx_buehrlewerkliste_werkliste%5Bcontext%5D=t&tx_buehrlewerkliste_werkliste%5Baction%5D=show&cHash=f67a553fe3a3657ddcc61f35f0166b01,Vincent van Gogh,Kopf einer Bäuerin
72,https://www.buehrle.ch/sammlung/?tx_buehrlewerkliste_werkliste%5Bwerk%5D=72&tx_buehrlewerkliste_werkliste%5Bcontext%5D=t&tx_buehrlewerkliste_werkliste%5Baction%5D=show&cHash=225651a0cce0e3e48b9ba15272dd68a0,Vincent van Gogh,Selbstbildnis
73,https://www.buehrle.ch/sammlung/?tx_buehrlewerkliste_werkliste%5Bwerk%5D=73&tx_buehrlewerkliste_werkliste%5Bcontext%5D=t&tx_buehrlewerkliste_werkliste%5Baction%5D=show&cHash=3395300b363ab99ddbcfe232b1455f67,Vincent van Gogh,Die Seine-Brücken bei Asnières
75,https://www.buehrle.ch/sammlung/?tx_buehrlewerkliste_werkliste%5Bwerk%5D=75&tx_buehrlewerkliste_werkliste%5Bcontext%5D=t&tx_buehrlewerkliste_werkliste%5Baction%5D=show&cHash=cab9ebb0130f18de664f29647a9896e0,Vincent van Gogh,Zwei Bäuerinnen
76,https://www.buehrle.ch/sammlung/?tx_buehrlewerkliste_werkliste%5Bwerk%5D=76&tx_buehrlewerkliste_werkliste%5Bcontext%5D=t&tx_buehrlewerkliste_werkliste%5Baction%5D=show&cHash=2b919fc18bf9af8fd42926611fdf3c01,Vincent van Gogh,Blühende Kastanienzweige
132,https://www.buehrle.ch/sammlung/?tx_buehrlewerkliste_werkliste%5Bwerk%5D=132&tx_buehrlewerkliste_werkliste%5Bcontext%5D=t&tx_buehrlewerkliste_werkliste%5Baction%5D=show&cHash=31174730bf9751dd90846507f970a980,Georges Seurat,"Studie zu ""La Grande-Jatte"""
133,https://www.buehrle.ch/sammlung/?tx_buehrlewerkliste_werkliste%5Bwerk%5D=133&tx_buehrlewerkliste_werkliste%5Bcontext%5D=t&tx_buehrlewerkliste_werkliste%5Baction%5D=show&cHash=7fd6b3538c454505e5cd4c9dc1ee85f8,Georges Seurat,"Studie zu ""La Parade"""
25,https://www.buehrle.ch/sammlung/?tx_buehrlewerkliste_werkliste%5Bwerk%5D=25&tx_buehrlewerkliste_werkliste%5Bcontext%5D=t&tx_buehrlewerkliste_werkliste%5Baction%5D=show&cHash=60678f21069ca7afd0b4504ccba01659,Eugène Boudin,"Trouville, bei Ebbe"
24,https://www.buehrle.ch/sammlung/?tx_buehrlewerkliste_werkliste%5Bwerk%5D=24&tx_buehrlewerkliste_werkliste%5Bcontext%5D=t&tx_buehrlewerkliste_werkliste%5Baction%5D=show&cHash=8324e572e8da0341fa97c9db94505e6f,Eugène Boudin,Strand bei Berck
47,https://www.buehrle.ch/sammlung/?tx_buehrlewerkliste_werkliste%5Bwerk%5D=47&tx_buehrlewerkliste_werkliste%5Bcontext%5D=t&tx_buehrlewerkliste_werkliste%5Baction%5D=show&cHash=834e829eb37ab158a8f9a2834c9f9e36,Gustave Courbet,Winterlandschaft
65,https://www.buehrle.ch/sammlung/?tx_buehrlewerkliste_werkliste%5Bwerk%5D=65&tx_buehrlewerkliste_werkliste%5Bcontext%5D=t&tx_buehrlewerkliste_werkliste%5Baction%5D=show&cHash=47c4d29b60f0f5bc91034ae41520fdd2,Paul Gauguin,Die Strasse
87,https://www.buehrle.ch/sammlung/?tx_buehrlewerkliste_werkliste%5Bwerk%5D=87&tx_buehrlewerkliste_werkliste%5Bcontext%5D=t&tx_buehrlewerkliste_werkliste%5Baction%5D=show&cHash=24f5e35a60166d1651fa111f13911229,Claude Monet,Mohnblumenfeld
88,https://www.buehrle.ch/sammlung/?tx_buehrlewerkliste_werkliste%5Bwerk%5D=88&tx_buehrlewerkliste_werkliste%5Bcontext%5D=t&tx_buehrlewerkliste_werkliste%5Baction%5D=show&cHash=272e89676a4f249d9610c3ce2b68609b,Claude Monet,Monets Garten in Giverny
89,https://www.buehrle.ch/sammlung/?tx_buehrlewerkliste_werkliste%5Bwerk%5D=89&tx_buehrlewerkliste_werkliste%5Bcontext%5D=t&tx_buehrlewerkliste_werkliste%5Baction%5D=show&cHash=4da264521c0f402ea6b1341a55b3ab61,Claude Monet,"Waterloo Bridge, London, in der Sonne"
90,https://www.buehrle.ch/sammlung/?tx_buehrlewerkliste_werkliste%5Bwerk%5D=90&tx_buehrlewerkliste_werkliste%5Bcontext%5D=t&tx_buehrlewerkliste_werkliste%5Baction%5D=show&cHash=be89c5543140f5d1ec51eb19e02ca168,Claude Monet,Seerosenteich mit grüner Spiegelung
92,https://www.buehrle.ch/sammlung/?tx_buehrlewerkliste_werkliste%5Bwerk%5D=92&tx_buehrlewerkliste_werkliste%5Bcontext%5D=t&tx_buehrlewerkliste_werkliste%5Baction%5D=show&cHash=c7d4c7b2b3005586a104148e7d8e6191,Camille Pissarro,Blick auf das Dorf Marly-le-Roi
93,https://www.buehrle.ch/sammlung/?tx_buehrlewerkliste_werkliste%5Bwerk%5D=93&tx_buehrlewerkliste_werkliste%5Bcontext%5D=t&tx_buehrlewerkliste_werkliste%5Baction%5D=show&cHash=86cd19e5373bc4a3053b77381d05aedb,Camille Pissarro,"Die Strasse nach Versailles, Louveciennes, bei Schnee"
94,https://www.buehrle.ch/sammlung/?tx_buehrlewerkliste_werkliste%5Bwerk%5D=94&tx_buehrlewerkliste_werkliste%5Bcontext%5D=t&tx_buehrlewerkliste_werkliste%5Baction%5D=show&cHash=cbf6c2c0e3c1af15c1047dfb2a568063,Camille Pissarro,"Die Strasse nach Osny in Pontoise, bei Reif"
96,https://www.buehrle.ch/sammlung/?tx_buehrlewerkliste_werkliste%5Bwerk%5D=96&tx_buehrlewerkliste_werkliste%5Bcontext%5D=t&tx_buehrlewerkliste_werkliste%5Baction%5D=show&cHash=d948a6c35ebc64fdd48fe73d153ebd02,Alfred Sisley,Regatta in Hampton Court
97,https://www.buehrle.ch/sammlung/?tx_buehrlewerkliste_werkliste%5Bwerk%5D=97&tx_buehrlewerkliste_werkliste%5Bcontext%5D=t&tx_buehrlewerkliste_werkliste%5Baction%5D=show&cHash=f998a225afa4e64f11b5b9aed243d3cb,Alfred Sisley,Die Strasse entlang der Pferdetränke von Marly-le-Roi bei Schneewetter
99,https://www.buehrle.ch/sammlung/?tx_buehrlewerkliste_werkliste%5Bwerk%5D=99&tx_buehrlewerkliste_werkliste%5Bcontext%5D=t&tx_buehrlewerkliste_werkliste%5Baction%5D=show&cHash=ebafe401f16a70c72206cdf51e633e66,Alfred Sisley,Saint-Mammès während des Streiks am 14. Juli
55,https://www.buehrle.ch/sammlung/?tx_buehrlewerkliste_werkliste%5Bwerk%5D=55&tx_buehrlewerkliste_werkliste%5Bcontext%5D=t&tx_buehrlewerkliste_werkliste%5Baction%5D=show&cHash=97b4185140362bfb3f0c9d440f33ced8,Edgar Degas,Vor dem Start
218,https://www.buehrle.ch/sammlung/?tx_buehrlewerkliste_werkliste%5Bwerk%5D=218&tx_buehrlewerkliste_werkliste%5Bcontext%5D=t&tx_buehrlewerkliste_werkliste%5Baction%5D=show&cHash=a676b4185fc72e59f974255a19cc4407,Edgar Degas,Kleine vierzehnjährige Tänzerin
56,https://www.buehrle.ch/sammlung/?tx_buehrlewerkliste_werkliste%5Bwerk%5D=56&tx_buehrlewerkliste_werkliste%5Bcontext%5D=t&tx_buehrlewerkliste_werkliste%5Baction%5D=show&cHash=7667cd9bfee0597f021a6e8e5d2b4cf6,Edgar Degas,Tänzerinnen im Foyer
64,https://www.buehrle.ch/sammlung/?tx_buehrlewerkliste_werkliste%5Bwerk%5D=64&tx_buehrlewerkliste_werkliste%5Bcontext%5D=t&tx_buehrlewerkliste_werkliste%5Baction%5D=show&cHash=d73a2874021777f6fb504e097dad4e93,Paul Gauguin,Stickerin (Mette Gauguin)
119,https://www.buehrle.ch/sammlung/?tx_buehrlewerkliste_werkliste%5Bwerk%5D=119&tx_buehrlewerkliste_werkliste%5Bcontext%5D=t&tx_buehrlewerkliste_werkliste%5Baction%5D=show&cHash=769607d0e85168d0cc154d3f4d944f7e,Berthe Morisot,Junge Frau auf einer Chaiselongue
95,https://www.buehrle.ch/sammlung/?tx_buehrlewerkliste_werkliste%5Bwerk%5D=95&tx_buehrlewerkliste_werkliste%5Bcontext%5D=t&tx_buehrlewerkliste_werkliste%5Baction%5D=show&cHash=62c698bd443a467cfd2b731603e30c9f,Camille Pissarro,Die Wollkämmerin
102,https://www.buehrle.ch/sammlung/?tx_buehrlewerkliste_werkliste%5Bwerk%5D=102&tx_buehrlewerkliste_werkliste%5Bcontext%5D=t&tx_buehrlewerkliste_werkliste%5Baction%5D=show&cHash=3b3e44e482d42ae2d486c07958a84456,Auguste Renoir,Fasan und Rebhuhn
103,https://www.buehrle.ch/sammlung/?tx_buehrlewerkliste_werkliste%5Bwerk%5D=103&tx_buehrlewerkliste_werkliste%5Bcontext%5D=t&tx_buehrlewerkliste_werkliste%5Baction%5D=show&cHash=12ba2730e956724955010d443126a1ad,Auguste Renoir,Dahlien
104,https://www.buehrle.ch/sammlung/?tx_buehrlewerkliste_werkliste%5Bwerk%5D=104&tx_buehrlewerkliste_werkliste%5Bcontext%5D=t&tx_buehrlewerkliste_werkliste%5Baction%5D=show&cHash=f97cbf17998b7f2988100df159999729,Auguste Renoir,Zwei Mädchen
105,https://www.buehrle.ch/sammlung/?tx_buehrlewerkliste_werkliste%5Bwerk%5D=105&tx_buehrlewerkliste_werkliste%5Bcontext%5D=t&tx_buehrlewerkliste_werkliste%5Baction%5D=show&cHash=872e602cbc0848fbb3b599025eedf08b,Auguste Renoir,Die Quelle
21,https://www.buehrle.ch/sammlung/?tx_buehrlewerkliste_werkliste%5Bwerk%5D=21&tx_buehrlewerkliste_werkliste%5Bcontext%5D=t&tx_buehrlewerkliste_werkliste%5Baction%5D=show&cHash=a6e0a5f3342e319a14caab1000069fc8,Pierre Bonnard,Das Mittagessen
20,https://www.buehrle.ch/sammlung/?tx_buehrlewerkliste_werkliste%5Bwerk%5D=20&tx_buehrlewerkliste_werkliste%5Bcontext%5D=t&tx_buehrlewerkliste_werkliste%5Baction%5D=show&cHash=702f746f1f9c63c666bf1442e1a3ff16,Pierre Bonnard,Ambroise Vollard
22,https://www.buehrle.ch/sammlung/?tx_buehrlewerkliste_werkliste%5Bwerk%5D=22&tx_buehrlewerkliste_werkliste%5Bcontext%5D=t&tx_buehrlewerkliste_werkliste%5Baction%5D=show&cHash=c8eb519b92ea9ae50ba7474ed29bedd2,Pierre Bonnard,Interieur
23,https://www.buehrle.ch/sammlung/?tx_buehrlewerkliste_werkliste%5Bwerk%5D=23&tx_buehrlewerkliste_werkliste%5Bcontext%5D=t&tx_buehrlewerkliste_werkliste%5Baction%5D=show&cHash=8d061d8e6fff79a6f4eac5e1d98ce5d2,Pierre Bonnard,Frau bei der Toilette
19,https://www.buehrle.ch/sammlung/?tx_buehrlewerkliste_werkliste%5Bwerk%5D=19&tx_buehrlewerkliste_werkliste%5Bcontext%5D=t&tx_buehrlewerkliste_werkliste%5Baction%5D=show&cHash=7ac66288a68a5d6b5c3688c7951f07f8,Pierre Bonnard,Place de la Concorde
59,https://www.buehrle.ch/sammlung/?tx_buehrlewerkliste_werkliste%5Bwerk%5D=59&tx_buehrlewerkliste_werkliste%5Bcontext%5D=t&tx_buehrlewerkliste_werkliste%5Baction%5D=show&cHash=3d19081474f87758381c50b2255e0dd3,Raoul Dufy,Jahrmarkt
118,https://www.buehrle.ch/sammlung/?tx_buehrlewerkliste_werkliste%5Bwerk%5D=118&tx_buehrlewerkliste_werkliste%5Bcontext%5D=t&tx_buehrlewerkliste_werkliste%5Baction%5D=show&cHash=9a3110d2f7ccfefcfcc7f1b19c19c7b6,Henri Matisse,"Der Pont Saint-Michel, Paris, bei Schnee"
120,https://www.buehrle.ch/sammlung/?tx_buehrlewerkliste_werkliste%5Bwerk%5D=120&tx_buehrlewerkliste_werkliste%5Bcontext%5D=t&tx_buehrlewerkliste_werkliste%5Baction%5D=show&cHash=31ab161e7941562ad1dc80d9e2afe2c5,Pablo Picasso,Gustave Coquiot
121,https://www.buehrle.ch/sammlung/?tx_buehrlewerkliste_werkliste%5Bwerk%5D=121&tx_buehrlewerkliste_werkliste%5Bcontext%5D=t&tx_buehrlewerkliste_werkliste%5Baction%5D=show&cHash=10447c6de5824770a8bdab2854f55883,Pablo Picasso,Vor der Kirche
127,https://www.buehrle.ch/sammlung/?tx_buehrlewerkliste_werkliste%5Bwerk%5D=127&tx_buehrlewerkliste_werkliste%5Bcontext%5D=t&tx_buehrlewerkliste_werkliste%5Baction%5D=show&cHash=281670eaebe9b0460ff82d56b8e9ac23,Odilon Redon,Kalvarienberg
128,https://www.buehrle.ch/sammlung/?tx_buehrlewerkliste_werkliste%5Bwerk%5D=128&tx_buehrlewerkliste_werkliste%5Bcontext%5D=t&tx_buehrlewerkliste_werkliste%5Baction%5D=show&cHash=78115b0223de02c1c5e9115fd3057d79,Odilon Redon,Der Sturz des Phaëton
107,https://www.buehrle.ch/sammlung/?tx_buehrlewerkliste_werkliste%5Bwerk%5D=107&tx_buehrlewerkliste_werkliste%5Bcontext%5D=t&tx_buehrlewerkliste_werkliste%5Baction%5D=show&cHash=6e86a3b107a46bc5cba56732731f9124,Paul Signac,"Canal della Giudecca, Morgen (Santa Maria della Salute)"
108,https://www.buehrle.ch/sammlung/?tx_buehrlewerkliste_werkliste%5Bwerk%5D=108&tx_buehrlewerkliste_werkliste%5Bcontext%5D=t&tx_buehrlewerkliste_werkliste%5Baction%5D=show&cHash=1a0e0b38c8b99f982a3e041bd4d2c653,Henri de Toulouse-Lautrec,François Gauzi
109,https://www.buehrle.ch/sammlung/?tx_buehrlewerkliste_werkliste%5Bwerk%5D=109&tx_buehrlewerkliste_werkliste%5Bcontext%5D=t&tx_buehrlewerkliste_werkliste%5Baction%5D=show&cHash=32163f762d768645ccf309e0116d8aa1,Henri de Toulouse-Lautrec,Georges-Henri Manuel
110,https://www.buehrle.ch/sammlung/?tx_buehrlewerkliste_werkliste%5Bwerk%5D=110&tx_buehrlewerkliste_werkliste%5Bcontext%5D=t&tx_buehrlewerkliste_werkliste%5Baction%5D=show&cHash=224b494ac1f6d45a3304f94d28b0f8ac,Henri de Toulouse-Lautrec,Im Bett
111,https://www.buehrle.ch/sammlung/?tx_buehrlewerkliste_werkliste%5Bwerk%5D=111&tx_buehrlewerkliste_werkliste%5Bcontext%5D=t&tx_buehrlewerkliste_werkliste%5Baction%5D=show&cHash=d9491d906124e683778eea45b4ebab2f,Henri de Toulouse-Lautrec,Confettis
112,https://www.buehrle.ch/sammlung/?tx_buehrlewerkliste_werkliste%5Bwerk%5D=112&tx_buehrlewerkliste_werkliste%5Bcontext%5D=t&tx_buehrlewerkliste_werkliste%5Baction%5D=show&cHash=24829979b373fa6af8c3acf5e3540bc7,Henri de Toulouse-Lautrec,Zwei Freundinnen
141,https://www.buehrle.ch/sammlung/?tx_buehrlewerkliste_werkliste%5Bwerk%5D=141&tx_buehrlewerkliste_werkliste%5Bcontext%5D=t&tx_buehrlewerkliste_werkliste%5Baction%5D=show&cHash=dc80bd06e23a99438366cae763fc92e9,Edouard Vuillard,Der Zauberer
142,https://www.buehrle.ch/sammlung/?tx_buehrlewerkliste_werkliste%5Bwerk%5D=142&tx_buehrlewerkliste_werkliste%5Bcontext%5D=t&tx_buehrlewerkliste_werkliste%5Baction%5D=show&cHash=b4a5bf5a02e8af2a30c83fce4c67cb59,Edouard Vuillard,Der Salon Natanson
143,https://www.buehrle.ch/sammlung/?tx_buehrlewerkliste_werkliste%5Bwerk%5D=143&tx_buehrlewerkliste_werkliste%5Bcontext%5D=t&tx_buehrlewerkliste_werkliste%5Baction%5D=show&cHash=bd5722a52eaa3548f6636ca370ffc6f8,Edouard Vuillard,Die Besucherin
144,https://www.buehrle.ch/sammlung/?tx_buehrlewerkliste_werkliste%5Bwerk%5D=144&tx_buehrlewerkliste_werkliste%5Bcontext%5D=t&tx_buehrlewerkliste_werkliste%5Baction%5D=show&cHash=134fe16562b793a33f517cf39cd83e95,Edouard Vuillard,Selbstbildnis
t,https://www.buehrle.ch/sammlung/artwork/detail/schiff-in-le-havre/?tx_buehrlewerkliste_werkliste%5Bcontext%5D=t&cHash=5200b274afb225ba51c04f8a8c766bac,Georges Braque,Schiff in Le Havre
27,https://www.buehrle.ch/sammlung/?tx_buehrlewerkliste_werkliste%5Bwerk%5D=27&tx_buehrlewerkliste_werkliste%5Bcontext%5D=t&tx_buehrlewerkliste_werkliste%5Baction%5D=show&cHash=26646709c0a1ee0b0583cf4bb5f0bbad,Georges Braque,Der Hafen von L'Estaque
28,https://www.buehrle.ch/sammlung/?tx_buehrlewerkliste_werkliste%5Bwerk%5D=28&tx_buehrlewerkliste_werkliste%5Bcontext%5D=t&tx_buehrlewerkliste_werkliste%5Baction%5D=show&cHash=0dd321a29f715a4f9889cac7be180b50,Georges Braque,Violinspieler
29,https://www.buehrle.ch/sammlung/?tx_buehrlewerkliste_werkliste%5Bwerk%5D=29&tx_buehrlewerkliste_werkliste%5Bcontext%5D=t&tx_buehrlewerkliste_werkliste%5Baction%5D=show&cHash=43b842f5533859e3244a04ac116f0ee1,Georges Braque,Früchte auf einem Tuch
40,https://www.buehrle.ch/sammlung/?tx_buehrlewerkliste_werkliste%5Bwerk%5D=40&tx_buehrlewerkliste_werkliste%5Bcontext%5D=t&tx_buehrlewerkliste_werkliste%5Baction%5D=show&cHash=f25567c7d90b8e75971e2a4fe5c6b065,Marc Chagall,Hochzeit in Russland
58,https://www.buehrle.ch/sammlung/?tx_buehrlewerkliste_werkliste%5Bwerk%5D=58&tx_buehrlewerkliste_werkliste%5Bcontext%5D=t&tx_buehrlewerkliste_werkliste%5Baction%5D=show&cHash=b6a3f0512acde1b73bc5dc268590139c,André Derain,Interieur
60,https://www.buehrle.ch/sammlung/?tx_buehrlewerkliste_werkliste%5Bwerk%5D=60&tx_buehrlewerkliste_werkliste%5Bcontext%5D=t&tx_buehrlewerkliste_werkliste%5Baction%5D=show&cHash=484f7fd4f9b7daa0734332ed762b4c08,Raoul Dufy,Arkaden in Vallauris
114,https://www.buehrle.ch/sammlung/?tx_buehrlewerkliste_werkliste%5Bwerk%5D=114&tx_buehrlewerkliste_werkliste%5Bcontext%5D=t&tx_buehrlewerkliste_werkliste%5Baction%5D=show&cHash=9f28c22dc32fc13be9523bc5ea8e6aca,Juan Gris,Die Birne
115,https://www.buehrle.ch/sammlung/?tx_buehrlewerkliste_werkliste%5Bwerk%5D=115&tx_buehrlewerkliste_werkliste%5Bcontext%5D=t&tx_buehrlewerkliste_werkliste%5Baction%5D=show&cHash=b55c61e55837467464edd02bd698834d,Juan Gris,"Karaffe, Schale und Glas"
116,https://www.buehrle.ch/sammlung/?tx_buehrlewerkliste_werkliste%5Bwerk%5D=116&tx_buehrlewerkliste_werkliste%5Bcontext%5D=t&tx_buehrlewerkliste_werkliste%5Baction%5D=show&cHash=4abf658022e7df5257d9c2b8033ec221,Albert Marquet,Le Havre
411,https://www.buehrle.ch/sammlung/?tx_buehrlewerkliste_werkliste%5Bwerk%5D=411&tx_buehrlewerkliste_werkliste%5Bcontext%5D=t&tx_buehrlewerkliste_werkliste%5Baction%5D=show&cHash=c18b9ccf9eea35b9a30ef5f0ada9acad,Amedeo Modigliani,Dr. Louis Devraigne
117,https://www.buehrle.ch/sammlung/?tx_buehrlewerkliste_werkliste%5Bwerk%5D=117&tx_buehrlewerkliste_werkliste%5Bcontext%5D=t&tx_buehrlewerkliste_werkliste%5Baction%5D=show&cHash=b226c05f379fe728e5d827f29817acdd,Amedeo Modigliani,Liegender Akt
122,https://www.buehrle.ch/sammlung/?tx_buehrlewerkliste_werkliste%5Bwerk%5D=122&tx_buehrlewerkliste_werkliste%5Bcontext%5D=t&tx_buehrlewerkliste_werkliste%5Baction%5D=show&cHash=4dd44b6ac038692355aa0e8857786a8a,Pablo Picasso,Barcelona in der Nacht
123,https://www.buehrle.ch/sammlung/?tx_buehrlewerkliste_werkliste%5Bwerk%5D=123&tx_buehrlewerkliste_werkliste%5Bcontext%5D=t&tx_buehrlewerkliste_werkliste%5Baction%5D=show&cHash=f83d6989b97c8f727a24527a81fc9feb,Pablo Picasso,Die Italienerin
124,https://www.buehrle.ch/sammlung/?tx_buehrlewerkliste_werkliste%5Bwerk%5D=124&tx_buehrlewerkliste_werkliste%5Bcontext%5D=t&tx_buehrlewerkliste_werkliste%5Baction%5D=show&cHash=c9d8f8d22c6dab552daceaa6e749ede9,Pablo Picasso,Blumen und Zitronen
129,https://www.buehrle.ch/sammlung/?tx_buehrlewerkliste_werkliste%5Bwerk%5D=129&tx_buehrlewerkliste_werkliste%5Bcontext%5D=t&tx_buehrlewerkliste_werkliste%5Baction%5D=show&cHash=6fe0aad9aceefa6d485f3f092cdf676b,Georges Rouault,Das Paar in der Loge
130,https://www.buehrle.ch/sammlung/?tx_buehrlewerkliste_werkliste%5Bwerk%5D=130&tx_buehrlewerkliste_werkliste%5Bcontext%5D=t&tx_buehrlewerkliste_werkliste%5Baction%5D=show&cHash=22c7e004b12e5621a4a0bf398fce15ca,Georges Rouault,Reiter in der Dämmerung
131,https://www.buehrle.ch/sammlung/?tx_buehrlewerkliste_werkliste%5Bwerk%5D=131&tx_buehrlewerkliste_werkliste%5Bcontext%5D=t&tx_buehrlewerkliste_werkliste%5Baction%5D=show&cHash=e1c0eee18b5e9b4869bdd8bca419e1f1,Georges Rouault,Clown am Tisch
134,https://www.buehrle.ch/sammlung/?tx_buehrlewerkliste_werkliste%5Bwerk%5D=134&tx_buehrlewerkliste_werkliste%5Bcontext%5D=t&tx_buehrlewerkliste_werkliste%5Baction%5D=show&cHash=e439b98022489046cbb8a5f90643b349,Chaïm Soutine,Zwei Fasane
135,https://www.buehrle.ch/sammlung/?tx_buehrlewerkliste_werkliste%5Bwerk%5D=135&tx_buehrlewerkliste_werkliste%5Bcontext%5D=t&tx_buehrlewerkliste_werkliste%5Baction%5D=show&cHash=ebe126181c7f3d52cea909f51f85e137,Chaïm Soutine,Damenbildnis
136,https://www.buehrle.ch/sammlung/?tx_buehrlewerkliste_werkliste%5Bwerk%5D=136&tx_buehrlewerkliste_werkliste%5Bcontext%5D=t&tx_buehrlewerkliste_werkliste%5Baction%5D=show&cHash=473cfe8b9e90cddb2ad07986a5af7011,Maurice Utrillo,La Butte Pinson
137,https://www.buehrle.ch/sammlung/?tx_buehrlewerkliste_werkliste%5Bwerk%5D=137&tx_buehrlewerkliste_werkliste%5Bcontext%5D=t&tx_buehrlewerkliste_werkliste%5Baction%5D=show&cHash=57a436a06ce6971c178df480f0ef7d33,Maurice Utrillo,"Porte Saint-Martin, Paris"
138,https://www.buehrle.ch/sammlung/?tx_buehrlewerkliste_werkliste%5Bwerk%5D=138&tx_buehrlewerkliste_werkliste%5Bcontext%5D=t&tx_buehrlewerkliste_werkliste%5Baction%5D=show&cHash=b64412ebd27e9259d1a36ed0415267d4,Maurice de Vlaminck,Die Fabrik
139,https://www.buehrle.ch/sammlung/?tx_buehrlewerkliste_werkliste%5Bwerk%5D=139&tx_buehrlewerkliste_werkliste%5Bcontext%5D=t&tx_buehrlewerkliste_werkliste%5Baction%5D=show&cHash=43a093ddf2c5f51df65fd5a3e7822b47,Maurice de Vlaminck,Lastschiff auf der Seine bei Le Pecq
140,https://www.buehrle.ch/sammlung/?tx_buehrlewerkliste_werkliste%5Bwerk%5D=140&tx_buehrlewerkliste_werkliste%5Bcontext%5D=t&tx_buehrlewerkliste_werkliste%5Baction%5D=show&cHash=5ac1c03efc4e3e1da604291abe49dc5a,Maurice de Vlaminck,Orangen
45,https://www.buehrle.ch/sammlung/?tx_buehrlewerkliste_werkliste%5Bwerk%5D=45&tx_buehrlewerkliste_werkliste%5Bcontext%5D=t&tx_buehrlewerkliste_werkliste%5Baction%5D=show&cHash=80e610dbf7691ac793b2a13b581402c6,Gustave Courbet,Bildnis eines Mannes
46,https://www.buehrle.ch/sammlung/?tx_buehrlewerkliste_werkliste%5Bwerk%5D=46&tx_buehrlewerkliste_werkliste%5Bcontext%5D=t&tx_buehrlewerkliste_werkliste%5Baction%5D=show&cHash=b734dca2040a59854d0167c4f25204e7,Gustave Courbet,Der Bildhauer Louis-Joseph Leboeuf
51,https://www.buehrle.ch/sammlung/?tx_buehrlewerkliste_werkliste%5Bwerk%5D=51&tx_buehrlewerkliste_werkliste%5Bcontext%5D=t&tx_buehrlewerkliste_werkliste%5Baction%5D=show&cHash=1fbbefe569fc7c85fb9e57ab9cfd6c9c,Edgar Degas,Madame Camus am Piano
61,https://www.buehrle.ch/sammlung/?tx_buehrlewerkliste_werkliste%5Bwerk%5D=61&tx_buehrlewerkliste_werkliste%5Bcontext%5D=t&tx_buehrlewerkliste_werkliste%5Baction%5D=show&cHash=1e04476a252cc754340a1625d473bb86,Henri Fantin-Latour,Selbstbildnis mit Palette
177,https://www.buehrle.ch/sammlung/?tx_buehrlewerkliste_werkliste%5Bwerk%5D=177&tx_buehrlewerkliste_werkliste%5Bcontext%5D=t&tx_buehrlewerkliste_werkliste%5Baction%5D=show&cHash=bdb49b292c806a6f998d7f0c6feb698f,Frans Hals,Herrenbildnis
158,https://www.buehrle.ch/sammlung/?tx_buehrlewerkliste_werkliste%5Bwerk%5D=158&tx_buehrlewerkliste_werkliste%5Bcontext%5D=t&tx_buehrlewerkliste_werkliste%5Baction%5D=show&cHash=37b980b6309bc2ac538f611dc5a1e891,Jean-Auguste-Dominique Ingres,Hippolyte-François Devillers
159,https://www.buehrle.ch/sammlung/?tx_buehrlewerkliste_werkliste%5Bwerk%5D=159&tx_buehrlewerkliste_werkliste%5Bcontext%5D=t&tx_buehrlewerkliste_werkliste%5Baction%5D=show&cHash=9c2fa28006226ca517322d45fa4249fc,Jean-Auguste-Dominique Ingres,"Madame J.-A.-D. Ingres, geb. Madeleine Chapelle"
100,https://www.buehrle.ch/sammlung/?tx_buehrlewerkliste_werkliste%5Bwerk%5D=100&tx_buehrlewerkliste_werkliste%5Bcontext%5D=t&tx_buehrlewerkliste_werkliste%5Baction%5D=show&cHash=1e658b83aa3141d9a1bd608069da3daa,Auguste Renoir,Alfred Sisley
146,https://www.buehrle.ch/sammlung/?tx_buehrlewerkliste_werkliste%5Bwerk%5D=146&tx_buehrlewerkliste_werkliste%5Bcontext%5D=t&tx_buehrlewerkliste_werkliste%5Baction%5D=show&cHash=3b461988232a072ca4d49eae6e2bf3b6,Théodore Chassériau,Die Heimführung der Verwundeten
43,https://www.buehrle.ch/sammlung/?tx_buehrlewerkliste_werkliste%5Bwerk%5D=43&tx_buehrlewerkliste_werkliste%5Bcontext%5D=t&tx_buehrlewerkliste_werkliste%5Baction%5D=show&cHash=8d97c1eb9de033fb6c640daa6e1c7849,Camille Corot,Lesender Mönch
147,https://www.buehrle.ch/sammlung/?tx_buehrlewerkliste_werkliste%5Bwerk%5D=147&tx_buehrlewerkliste_werkliste%5Bcontext%5D=t&tx_buehrlewerkliste_werkliste%5Baction%5D=show&cHash=3a33d80520521c170d523ff633583dce,Eugène Delacroix,Selbstbildnis
148,https://www.buehrle.ch/sammlung/?tx_buehrlewerkliste_werkliste%5Bwerk%5D=148&tx_buehrlewerkliste_werkliste%5Bcontext%5D=t&tx_buehrlewerkliste_werkliste%5Baction%5D=show&cHash=b52ef527457d86551cb32e5afde60a46,Eugène Delacroix,Der Triumph Apollos
149,https://www.buehrle.ch/sammlung/?tx_buehrlewerkliste_werkliste%5Bwerk%5D=149&tx_buehrlewerkliste_werkliste%5Bcontext%5D=t&tx_buehrlewerkliste_werkliste%5Baction%5D=show&cHash=4e5114aed94d1869df85afc2ffd127f1,Eugène Delacroix,Daniel in der Löwengrube
150,https://www.buehrle.ch/sammlung/?tx_buehrlewerkliste_werkliste%5Bwerk%5D=150&tx_buehrlewerkliste_werkliste%5Bcontext%5D=t&tx_buehrlewerkliste_werkliste%5Baction%5D=show&cHash=52ea4a8de3469301e20a386a45b4f746,Eugène Delacroix,Christus auf dem See Genezareth
151,https://www.buehrle.ch/sammlung/?tx_buehrlewerkliste_werkliste%5Bwerk%5D=151&tx_buehrlewerkliste_werkliste%5Bcontext%5D=t&tx_buehrlewerkliste_werkliste%5Baction%5D=show&cHash=e62f469ada2fb36830482ae66dcd7af8,Eugène Delacroix,Der Triumph des Bacchus
152,https://www.buehrle.ch/sammlung/?tx_buehrlewerkliste_werkliste%5Bwerk%5D=152&tx_buehrlewerkliste_werkliste%5Bcontext%5D=t&tx_buehrlewerkliste_werkliste%5Baction%5D=show&cHash=ecf126db255dadba8a90c40af7983d64,Eugène Delacroix,Der Triumph der Amphitrite
153,https://www.buehrle.ch/sammlung/?tx_buehrlewerkliste_werkliste%5Bwerk%5D=153&tx_buehrlewerkliste_werkliste%5Bcontext%5D=t&tx_buehrlewerkliste_werkliste%5Baction%5D=show&cHash=a530be54621cc0e512eaa524b66e3765,Eugène Delacroix,Der Sultan von Marokko mit seinem Gefolge
62,https://www.buehrle.ch/sammlung/?tx_buehrlewerkliste_werkliste%5Bwerk%5D=62&tx_buehrlewerkliste_werkliste%5Bcontext%5D=t&tx_buehrlewerkliste_werkliste%5Baction%5D=show&cHash=c60d5fdfe8b91f4fab9ca24e89295f63,Henri Fantin-Latour,Rosen und Lilien in einer Vase
63,https://www.buehrle.ch/sammlung/?tx_buehrlewerkliste_werkliste%5Bwerk%5D=63&tx_buehrlewerkliste_werkliste%5Bcontext%5D=t&tx_buehrlewerkliste_werkliste%5Baction%5D=show&cHash=9f11027e51d618e3ecfb33b03603c133,Henri Fantin-Latour,Pfingstrosen und Pfirsiche
77,https://www.buehrle.ch/sammlung/?tx_buehrlewerkliste_werkliste%5Bwerk%5D=77&tx_buehrlewerkliste_werkliste%5Bcontext%5D=t&tx_buehrlewerkliste_werkliste%5Baction%5D=show&cHash=97785ebcae92917d5c2381b763253d0e,Edouard Manet,Oloron-Sainte-Marie
78,https://www.buehrle.ch/sammlung/?tx_buehrlewerkliste_werkliste%5Bwerk%5D=78&tx_buehrlewerkliste_werkliste%5Bcontext%5D=t&tx_buehrlewerkliste_werkliste%5Baction%5D=show&cHash=18b9127a51e27362c6070d38db78f60a,Edouard Manet,Die Bucht von Arcachon
79,https://www.buehrle.ch/sammlung/?tx_buehrlewerkliste_werkliste%5Bwerk%5D=79&tx_buehrlewerkliste_werkliste%5Bcontext%5D=t&tx_buehrlewerkliste_werkliste%5Baction%5D=show&cHash=387737380d7051a332e5f369418329a2,Edouard Manet,Junge Frau in orientalischem Gewand
80,https://www.buehrle.ch/sammlung/?tx_buehrlewerkliste_werkliste%5Bwerk%5D=80&tx_buehrlewerkliste_werkliste%5Bcontext%5D=t&tx_buehrlewerkliste_werkliste%5Baction%5D=show&cHash=28a85f0dd8925b49a33bc8ab067f0491,Edouard Manet,Die Schwalben
81,https://www.buehrle.ch/sammlung/?tx_buehrlewerkliste_werkliste%5Bwerk%5D=81&tx_buehrlewerkliste_werkliste%5Bcontext%5D=t&tx_buehrlewerkliste_werkliste%5Baction%5D=show&cHash=5eea8c5ebdc55607fb9405b6b5b77a2c,Edouard Manet,Der Selbstmörder
83,https://www.buehrle.ch/sammlung/?tx_buehrlewerkliste_werkliste%5Bwerk%5D=83&tx_buehrlewerkliste_werkliste%5Bcontext%5D=t&tx_buehrlewerkliste_werkliste%5Baction%5D=show&cHash=ecb3ff04d1b65258531b0cd1412b4983,Edouard Manet,Die Toilette
84,https://www.buehrle.ch/sammlung/?tx_buehrlewerkliste_werkliste%5Bwerk%5D=84&tx_buehrlewerkliste_werkliste%5Bcontext%5D=t&tx_buehrlewerkliste_werkliste%5Baction%5D=show&cHash=f51d321f599cca853ec168e8697f39ab,Edouard Manet,Der Uhu
125,https://www.buehrle.ch/sammlung/?tx_buehrlewerkliste_werkliste%5Bwerk%5D=125&tx_buehrlewerkliste_werkliste%5Bcontext%5D=t&tx_buehrlewerkliste_werkliste%5Baction%5D=show&cHash=293d71979a708e74ecd28c3c9f56a4d1,Pierre Puvis de Chavannes,Concordia (Studie)
126,https://www.buehrle.ch/sammlung/?tx_buehrlewerkliste_werkliste%5Bwerk%5D=126&tx_buehrlewerkliste_werkliste%5Bcontext%5D=t&tx_buehrlewerkliste_werkliste%5Baction%5D=show&cHash=ae5cd458dda7ba78582c72d1d7a140e0,Pierre Puvis de Chavannes,Der verlorene Sohn
145,https://www.buehrle.ch/sammlung/?tx_buehrlewerkliste_werkliste%5Bwerk%5D=145&tx_buehrlewerkliste_werkliste%5Bcontext%5D=t&tx_buehrlewerkliste_werkliste%5Baction%5D=show&cHash=56bb3fa320a9c879023fb18e18c8e5ad,François Boucher,Beim Brunnen
160,https://www.buehrle.ch/sammlung/?tx_buehrlewerkliste_werkliste%5Bwerk%5D=160&tx_buehrlewerkliste_werkliste%5Bcontext%5D=t&tx_buehrlewerkliste_werkliste%5Baction%5D=show&cHash=aaabcd7d8c18f00920dcf7b830c48c9d,Antonio Canal (Il Canaletto),Santa Maria della Salute
161,https://www.buehrle.ch/sammlung/?tx_buehrlewerkliste_werkliste%5Bwerk%5D=161&tx_buehrlewerkliste_werkliste%5Bcontext%5D=t&tx_buehrlewerkliste_werkliste%5Baction%5D=show&cHash=7c192aa8f2abe0e3bf6c8b7a4ff429e0,Antonio Canal (Il Canaletto),Canal Grande
30,https://www.buehrle.ch/sammlung/?tx_buehrlewerkliste_werkliste%5Bwerk%5D=30&tx_buehrlewerkliste_werkliste%5Bcontext%5D=t&tx_buehrlewerkliste_werkliste%5Baction%5D=show&cHash=9e3a5ba3c926b2b770ff8adfdb97ea0e,Mary Cassatt,Mutter und Kind
42,https://www.buehrle.ch/sammlung/?tx_buehrlewerkliste_werkliste%5Bwerk%5D=42&tx_buehrlewerkliste_werkliste%5Bcontext%5D=t&tx_buehrlewerkliste_werkliste%5Baction%5D=show&cHash=fa03faeb87117d4e771c4e4589a58d80,Camille Corot,Flusslandschaft mit Boot
44,https://www.buehrle.ch/sammlung/?tx_buehrlewerkliste_werkliste%5Bwerk%5D=44&tx_buehrlewerkliste_werkliste%5Bcontext%5D=t&tx_buehrlewerkliste_werkliste%5Baction%5D=show&cHash=32edf4dbcc82d4046d2bf260aaf4fbb4,Camille Corot,Die vier Bäume
48,https://www.buehrle.ch/sammlung/?tx_buehrlewerkliste_werkliste%5Bwerk%5D=48&tx_buehrlewerkliste_werkliste%5Bcontext%5D=t&tx_buehrlewerkliste_werkliste%5Baction%5D=show&cHash=d35ef14c20badd8b198726c929ca34ea,Honoré Daumier,Die Gratis-Vorstellung
49,https://www.buehrle.ch/sammlung/?tx_buehrlewerkliste_werkliste%5Bwerk%5D=49&tx_buehrlewerkliste_werkliste%5Bcontext%5D=t&tx_buehrlewerkliste_werkliste%5Baction%5D=show&cHash=c056c2ac73dc0c0d40c6d993c0a16e63,Honoré Daumier,Die zwei Advokaten
50,https://www.buehrle.ch/sammlung/?tx_buehrlewerkliste_werkliste%5Bwerk%5D=50&tx_buehrlewerkliste_werkliste%5Bcontext%5D=t&tx_buehrlewerkliste_werkliste%5Baction%5D=show&cHash=0814aeeef06be00a48c64e7177396ffc,Honoré Daumier,Raucher und Absinthtrinker
52,https://www.buehrle.ch/sammlung/?tx_buehrlewerkliste_werkliste%5Bwerk%5D=52&tx_buehrlewerkliste_werkliste%5Bcontext%5D=t&tx_buehrlewerkliste_werkliste%5Baction%5D=show&cHash=3bf9a95c4c372854f9e994d3a32f8a92,Edgar Degas,"Armstudie für ""Madame Camus au Piano"""
53,https://www.buehrle.ch/sammlung/?tx_buehrlewerkliste_werkliste%5Bwerk%5D=53&tx_buehrlewerkliste_werkliste%5Bcontext%5D=t&tx_buehrlewerkliste_werkliste%5Baction%5D=show&cHash=91dd03be4e3455da644b1ab625245b6b,Edgar Degas,"Arm- und Handstudien für ""Madame Camus am Piano"""
57,https://www.buehrle.ch/sammlung/?tx_buehrlewerkliste_werkliste%5Bwerk%5D=57&tx_buehrlewerkliste_werkliste%5Bcontext%5D=t&tx_buehrlewerkliste_werkliste%5Baction%5D=show&cHash=8f24544eb30968623fbd808c44640286,Edgar Degas,Sich trocknende Frau
154,https://www.buehrle.ch/sammlung/?tx_buehrlewerkliste_werkliste%5Bwerk%5D=154&tx_buehrlewerkliste_werkliste%5Bcontext%5D=t&tx_buehrlewerkliste_werkliste%5Baction%5D=show&cHash=10980154308faff15a435cb99326429d,Jean-Honoré Fragonard (zug.),"""Hubert Robert"""
157,https://www.buehrle.ch/sammlung/?tx_buehrlewerkliste_werkliste%5Bwerk%5D=157&tx_buehrlewerkliste_werkliste%5Bcontext%5D=t&tx_buehrlewerkliste_werkliste%5Baction%5D=show&cHash=632732d269d319de524579b10ad5c9a5,Théodore Géricault,Kampf von Hunden und Bären
162,https://www.buehrle.ch/sammlung/?tx_buehrlewerkliste_werkliste%5Bwerk%5D=162&tx_buehrlewerkliste_werkliste%5Bcontext%5D=t&tx_buehrlewerkliste_werkliste%5Baction%5D=show&cHash=f8a5e3102ecc3236a99a69cf091045f0,Francisco José de Goya y Lucientes (Atelier),Prozession in Valencia
165,https://www.buehrle.ch/sammlung/?tx_buehrlewerkliste_werkliste%5Bwerk%5D=165&tx_buehrlewerkliste_werkliste%5Bcontext%5D=t&tx_buehrlewerkliste_werkliste%5Baction%5D=show&cHash=ba759ba5acb40d82471d52761d8fd632,Francesco Guardi,Die Bucht von San Marco
85,https://www.buehrle.ch/sammlung/?tx_buehrlewerkliste_werkliste%5Bwerk%5D=85&tx_buehrlewerkliste_werkliste%5Bcontext%5D=t&tx_buehrlewerkliste_werkliste%5Baction%5D=show&cHash=30d668d5dcc47cbc05ca01d6799cd00b,Claude Monet,Das Nachtessen
173,https://www.buehrle.ch/sammlung/?tx_buehrlewerkliste_werkliste%5Bwerk%5D=173&tx_buehrlewerkliste_werkliste%5Bcontext%5D=t&tx_buehrlewerkliste_werkliste%5Baction%5D=show&cHash=2ec68914cd1a3f74ad72a255b63a3958,Giambattista Tiepolo,Das Bad der Diana
155,https://www.buehrle.ch/sammlung/?tx_buehrlewerkliste_werkliste%5Bwerk%5D=155&tx_buehrlewerkliste_werkliste%5Bcontext%5D=t&tx_buehrlewerkliste_werkliste%5Baction%5D=show&cHash=f5793eaf4566eb181581d8c8c76d3dc4,François-André Vincent,Junge Frau mit Turban
175,https://www.buehrle.ch/sammlung/?tx_buehrlewerkliste_werkliste%5Bwerk%5D=175&tx_buehrlewerkliste_werkliste%5Bcontext%5D=t&tx_buehrlewerkliste_werkliste%5Baction%5D=show&cHash=e7d05f07811922c555a537a72d40fe9e,Aelbert Cuyp,Gewitter über Dordrecht
184,https://www.buehrle.ch/sammlung/?tx_buehrlewerkliste_werkliste%5Bwerk%5D=184&tx_buehrlewerkliste_werkliste%5Bcontext%5D=t&tx_buehrlewerkliste_werkliste%5Baction%5D=show&cHash=768b6ff60fcabd4a39738dd0fb620d3f,Govaert Flinck,Dame in orientalischem Kostüm
176,https://www.buehrle.ch/sammlung/?tx_buehrlewerkliste_werkliste%5Bwerk%5D=176&tx_buehrlewerkliste_werkliste%5Bcontext%5D=t&tx_buehrlewerkliste_werkliste%5Baction%5D=show&cHash=0740cda57a1a1972a0e11741c9450552,Jan van Goyen,Flusslandschaft mit Fähre
178,https://www.buehrle.ch/sammlung/?tx_buehrlewerkliste_werkliste%5Bwerk%5D=178&tx_buehrlewerkliste_werkliste%5Bcontext%5D=t&tx_buehrlewerkliste_werkliste%5Baction%5D=show&cHash=107d838c0c24391222f700ca93eaafbb,Meindert Hobbema,Landschaft mit Wirtshaus
172,https://www.buehrle.ch/sammlung/?tx_buehrlewerkliste_werkliste%5Bwerk%5D=172&tx_buehrlewerkliste_werkliste%5Bcontext%5D=t&tx_buehrlewerkliste_werkliste%5Baction%5D=show&cHash=fccb3109b2efbbe6ba11de87d4312907,Willem Kalf,Nautilusschale
179,https://www.buehrle.ch/sammlung/?tx_buehrlewerkliste_werkliste%5Bwerk%5D=179&tx_buehrlewerkliste_werkliste%5Bcontext%5D=t&tx_buehrlewerkliste_werkliste%5Baction%5D=show&cHash=b434894b962731974a35f2523a1f57ca,Philips Koninck,Landschaft mit rastendem Wanderer
180,https://www.buehrle.ch/sammlung/?tx_buehrlewerkliste_werkliste%5Bwerk%5D=180&tx_buehrlewerkliste_werkliste%5Bcontext%5D=t&tx_buehrlewerkliste_werkliste%5Baction%5D=show&cHash=53df9eea566000d716f5eee84e082bec,Jacob Ochtervelt,Die Backgammon-Spieler
186,https://www.buehrle.ch/sammlung/?tx_buehrlewerkliste_werkliste%5Bwerk%5D=186&tx_buehrlewerkliste_werkliste%5Bcontext%5D=t&tx_buehrlewerkliste_werkliste%5Baction%5D=show&cHash=a338a8fc660071919c3befc7e22f80da,Salomon van Ruysdael,Flussufer mit Dorf
187,https://www.buehrle.ch/sammlung/?tx_buehrlewerkliste_werkliste%5Bwerk%5D=187&tx_buehrlewerkliste_werkliste%5Bcontext%5D=t&tx_buehrlewerkliste_werkliste%5Baction%5D=show&cHash=a63e783fb343af26ef69c643ce02cbbe,Salomon van Ruysdael,Blick auf Rhenen
189,https://www.buehrle.ch/sammlung/?tx_buehrlewerkliste_werkliste%5Bwerk%5D=189&tx_buehrlewerkliste_werkliste%5Bcontext%5D=t&tx_buehrlewerkliste_werkliste%5Baction%5D=show&cHash=36cba2a64eec9a13152b42d216cc91df,Jan Steen,Die Zeitungsleser
192,https://www.buehrle.ch/sammlung/?tx_buehrlewerkliste_werkliste%5Bwerk%5D=192&tx_buehrlewerkliste_werkliste%5Bcontext%5D=t&tx_buehrlewerkliste_werkliste%5Baction%5D=show&cHash=a4e64b4f0ea4b9ae2e26faea524cdce1,David Teniers der Jüngere,Dorfkirmes
190,https://www.buehrle.ch/sammlung/?tx_buehrlewerkliste_werkliste%5Bwerk%5D=190&tx_buehrlewerkliste_werkliste%5Bcontext%5D=t&tx_buehrlewerkliste_werkliste%5Baction%5D=show&cHash=2f494369b7f6d826445b51a9bf00a343,Gerard ter Borch,Der Besuch
216,https://www.buehrle.ch/sammlung/?tx_buehrlewerkliste_werkliste%5Bwerk%5D=216&tx_buehrlewerkliste_werkliste%5Bcontext%5D=t&tx_buehrlewerkliste_werkliste%5Baction%5D=show&cHash=9e345ad5d397f8a569b3b01cbd99c58e,Anonym (Österreich),Kreuzigung Christi
217,https://www.buehrle.ch/sammlung/?tx_buehrlewerkliste_werkliste%5Bwerk%5D=217&tx_buehrlewerkliste_werkliste%5Bcontext%5D=t&tx_buehrlewerkliste_werkliste%5Baction%5D=show&cHash=1074c0cc6bea022bdd67a7cbe4d6329c,Anonym (Niederlande),Kalvarienberg
164,https://www.buehrle.ch/sammlung/?tx_buehrlewerkliste_werkliste%5Bwerk%5D=164&tx_buehrlewerkliste_werkliste%5Bcontext%5D=t&tx_buehrlewerkliste_werkliste%5Baction%5D=show&cHash=d19c2733c52894f21af0ce447e706e92,Francesco Guardi,Die Kreuzigung
182,https://www.buehrle.ch/sammlung/?tx_buehrlewerkliste_werkliste%5Bwerk%5D=182&tx_buehrlewerkliste_werkliste%5Bcontext%5D=t&tx_buehrlewerkliste_werkliste%5Baction%5D=show&cHash=302fd2429bcd028403487caca1766a95,Joachim Patinir (?),Taufe Christi und Johannespredigt
185,https://www.buehrle.ch/sammlung/?tx_buehrlewerkliste_werkliste%5Bwerk%5D=185&tx_buehrlewerkliste_werkliste%5Bcontext%5D=t&tx_buehrlewerkliste_werkliste%5Baction%5D=show&cHash=26065610d14bfc464861153edda865ea,Peter Paul Rubens,Der Heilige Augustin
188,https://www.buehrle.ch/sammlung/?tx_buehrlewerkliste_werkliste%5Bwerk%5D=188&tx_buehrlewerkliste_werkliste%5Bcontext%5D=t&tx_buehrlewerkliste_werkliste%5Baction%5D=show&cHash=81f0bf8d00bffc2e50b1bc3c9d79fb70,Pieter Jansz Saenredam,Das Innere von St. Bavo in Haarlem
166,https://www.buehrle.ch/sammlung/?tx_buehrlewerkliste_werkliste%5Bwerk%5D=166&tx_buehrlewerkliste_werkliste%5Bcontext%5D=t&tx_buehrlewerkliste_werkliste%5Baction%5D=show&cHash=87dcfe43ea4d6b95f5e1c7a1e4f9520c,Bernardo Strozzi,Die Heilige Katharina von Alexandrien
163,https://www.buehrle.ch/sammlung/?tx_buehrlewerkliste_werkliste%5Bwerk%5D=163&tx_buehrlewerkliste_werkliste%5Bcontext%5D=t&tx_buehrlewerkliste_werkliste%5Baction%5D=show&cHash=a3b43e25cfd9df34287b45c951ad6a85,Jorge Manuel Theotokopouli,Geburt Mariä
174,https://www.buehrle.ch/sammlung/?tx_buehrlewerkliste_werkliste%5Bwerk%5D=174&tx_buehrlewerkliste_werkliste%5Bcontext%5D=t&tx_buehrlewerkliste_werkliste%5Baction%5D=show&cHash=2b3b2f5ad5cfe56d24904ff1ea04ecbc,(Werkstatt) Tintoretto,Die Kreuztragung
171,https://www.buehrle.ch/sammlung/?tx_buehrlewerkliste_werkliste%5Bwerk%5D=171&tx_buehrlewerkliste_werkliste%5Bcontext%5D=t&tx_buehrlewerkliste_werkliste%5Baction%5D=show&cHash=2587e1ed83dc1e5f0473c3b6d7d2f882,Emanuel de Witte,Inneres der Oude Kerk in Amsterdam
193,https://www.buehrle.ch/sammlung/?tx_buehrlewerkliste_werkliste%5Bwerk%5D=193&tx_buehrlewerkliste_werkliste%5Bcontext%5D=t&tx_buehrlewerkliste_werkliste%5Baction%5D=show&cHash=a0aca4676c4079afdbdd25a9ca8312a7,Hl. Michael mit dem Drachen,Auvergne
194,https://www.buehrle.ch/sammlung/?tx_buehrlewerkliste_werkliste%5Bwerk%5D=194&tx_buehrlewerkliste_werkliste%5Bcontext%5D=t&tx_buehrlewerkliste_werkliste%5Baction%5D=show&cHash=74558cad1b134b5aec1ed58b134b86ff,Thronende Muttergottes,Auvergne
195,https://www.buehrle.ch/sammlung/?tx_buehrlewerkliste_werkliste%5Bwerk%5D=195&tx_buehrlewerkliste_werkliste%5Bcontext%5D=t&tx_buehrlewerkliste_werkliste%5Baction%5D=show&cHash=ffcd5ec58edbe4f1df7e85a5d4f4abb3,Stehende Muttergottes mit Taube,Mittelrhein
197,https://www.buehrle.ch/sammlung/?tx_buehrlewerkliste_werkliste%5Bwerk%5D=197&tx_buehrlewerkliste_werkliste%5Bcontext%5D=t&tx_buehrlewerkliste_werkliste%5Baction%5D=show&cHash=d6cca626baf839c65c8d999944c9bbc0,Vesperbild,Bern oder Freiburg
198,https://www.buehrle.ch/sammlung/?tx_buehrlewerkliste_werkliste%5Bwerk%5D=198&tx_buehrlewerkliste_werkliste%5Bcontext%5D=t&tx_buehrlewerkliste_werkliste%5Baction%5D=show&cHash=ea7416a598d13b67d6321559ca1cec70,Stehende Muttergottes,Ostfrankreich
196,https://www.buehrle.ch/sammlung/?tx_buehrlewerkliste_werkliste%5Bwerk%5D=196&tx_buehrlewerkliste_werkliste%5Bcontext%5D=t&tx_buehrlewerkliste_werkliste%5Baction%5D=show&cHash=5f7b6b68a8316927dccabc5bb203bdd3,Stehende Muttergottes,Böhmen
200,https://www.buehrle.ch/sammlung/?tx_buehrlewerkliste_werkliste%5Bwerk%5D=200&tx_buehrlewerkliste_werkliste%5Bcontext%5D=t&tx_buehrlewerkliste_werkliste%5Baction%5D=show&cHash=23428c8c6d9239211b2929ac321b2b12,Vesperbild,Bayern/Österreich
202,https://www.buehrle.ch/sammlung/?tx_buehrlewerkliste_werkliste%5Bwerk%5D=202&tx_buehrlewerkliste_werkliste%5Bcontext%5D=t&tx_buehrlewerkliste_werkliste%5Baction%5D=show&cHash=cbb858e2be9c8b642904bc964a1ae8e8,Stehende Muttergottes,Niederbayern
201,https://www.buehrle.ch/sammlung/?tx_buehrlewerkliste_werkliste%5Bwerk%5D=201&tx_buehrlewerkliste_werkliste%5Bcontext%5D=t&tx_buehrlewerkliste_werkliste%5Baction%5D=show&cHash=e1eaf7606df4f2e3fe086523bca10843,Stehende Muttergottes,Thüringen
203,https://www.buehrle.ch/sammlung/?tx_buehrlewerkliste_werkliste%5Bwerk%5D=203&tx_buehrlewerkliste_werkliste%5Bcontext%5D=t&tx_buehrlewerkliste_werkliste%5Baction%5D=show&cHash=e46ba6b33e5ba0c75a99a7b8297abb02,Hl. Barbara,Bayern (Chiemgau)
204,https://www.buehrle.ch/sammlung/?tx_buehrlewerkliste_werkliste%5Bwerk%5D=204&tx_buehrlewerkliste_werkliste%5Bcontext%5D=t&tx_buehrlewerkliste_werkliste%5Baction%5D=show&cHash=9a4ac14126e39743625a36022de396f5,Stehende Muttergottes,Ulm
205,https://www.buehrle.ch/sammlung/?tx_buehrlewerkliste_werkliste%5Bwerk%5D=205&tx_buehrlewerkliste_werkliste%5Bcontext%5D=t&tx_buehrlewerkliste_werkliste%5Baction%5D=show&cHash=0575b5bd3024b963ddea126fea90133d,Hl. Barbara,Schwaben (Ulm?)
210,https://www.buehrle.ch/sammlung/?tx_buehrlewerkliste_werkliste%5Bwerk%5D=210&tx_buehrlewerkliste_werkliste%5Bcontext%5D=t&tx_buehrlewerkliste_werkliste%5Baction%5D=show&cHash=7a5784a36dece5d6dd082a0f97a214a0,Muttergottes auf dem Evangelistenthron,Süddeutschland (?)
206,https://www.buehrle.ch/sammlung/?tx_buehrlewerkliste_werkliste%5Bwerk%5D=206&tx_buehrlewerkliste_werkliste%5Bcontext%5D=t&tx_buehrlewerkliste_werkliste%5Baction%5D=show&cHash=58a91ff017f47d8879be528e43a1a5ba,Vesperbild,Oberbayern (München?)
208,https://www.buehrle.ch/sammlung/?tx_buehrlewerkliste_werkliste%5Bwerk%5D=208&tx_buehrlewerkliste_werkliste%5Bcontext%5D=t&tx_buehrlewerkliste_werkliste%5Baction%5D=show&cHash=57da76ce3af26efe190e738923846d4d,Auferstehungs-Christus,Oberrhein (Österreich?)
207,https://www.buehrle.ch/sammlung/?tx_buehrlewerkliste_werkliste%5Bwerk%5D=207&tx_buehrlewerkliste_werkliste%5Bcontext%5D=t&tx_buehrlewerkliste_werkliste%5Baction%5D=show&cHash=2780f83da98b05888c60e98820d2b306,Thronende Muttergottes mit Engeln,Oberbayern
169,https://www.buehrle.ch/sammlung/?tx_buehrlewerkliste_werkliste%5Bwerk%5D=169&tx_buehrlewerkliste_werkliste%5Bcontext%5D=t&tx_buehrlewerkliste_werkliste%5Baction%5D=show&cHash=1c5629b25136604e9736dc93ee673e45,Schutzmantelmadonna,Oberschwaben
209,https://www.buehrle.ch/sammlung/?tx_buehrlewerkliste_werkliste%5Bwerk%5D=209&tx_buehrlewerkliste_werkliste%5Bcontext%5D=t&tx_buehrlewerkliste_werkliste%5Baction%5D=show&cHash=0dacdda4393e09d08963aa856e81f989,Beweinung Christi,Oberösterreich
211,https://www.buehrle.ch/sammlung/?tx_buehrlewerkliste_werkliste%5Bwerk%5D=211&tx_buehrlewerkliste_werkliste%5Bcontext%5D=t&tx_buehrlewerkliste_werkliste%5Baction%5D=show&cHash=fd576d175617c1e4a51cc5f2d124d9f6,Die Anbetung der Hirten,Flandern
214,https://www.buehrle.ch/sammlung/?tx_buehrlewerkliste_werkliste%5Bwerk%5D=214&tx_buehrlewerkliste_werkliste%5Bcontext%5D=t&tx_buehrlewerkliste_werkliste%5Baction%5D=show&cHash=3943ea6908094922d0024fcc933867a4,Heilige Sippe,Werkstatt Niklaus Weckmann
212,https://www.buehrle.ch/sammlung/?tx_buehrlewerkliste_werkliste%5Bwerk%5D=212&tx_buehrlewerkliste_werkliste%5Bcontext%5D=t&tx_buehrlewerkliste_werkliste%5Baction%5D=show&cHash=a05c5d53fb133763266e13f9cd60d89f,Hl. Genovefa (?),Umkreis Niklaus Weckmann
213,https://www.buehrle.ch/sammlung/?tx_buehrlewerkliste_werkliste%5Bwerk%5D=213&tx_buehrlewerkliste_werkliste%5Bcontext%5D=t&tx_buehrlewerkliste_werkliste%5Baction%5D=show&cHash=bb0a83f6837bb00cdf6386a2a66d7dec,Hl. Sebastian,Umkreis Niklaus Weckmann
215,https://www.buehrle.ch/sammlung/?tx_buehrlewerkliste_werkliste%5Bwerk%5D=215&tx_buehrlewerkliste_werkliste%5Bcontext%5D=t&tx_buehrlewerkliste_werkliste%5Baction%5D=show&cHash=10edf8169124413cc26e836464f8256d,Hl. Bischof,Franken (Umkreis Riemenschneider)
199,https://www.buehrle.ch/sammlung/?tx_buehrlewerkliste_werkliste%5Bwerk%5D=199&tx_buehrlewerkliste_werkliste%5Bcontext%5D=t&tx_buehrlewerkliste_werkliste%5Baction%5D=show&cHash=e44e3d69c720aae88c78ab69e7f4c245,Heiliger Ritter (Heiliger Wenzel?),Steiermark
430,https://www.buehrle.ch/sammlung/?tx_buehrlewerkliste_werkliste%5Bwerk%5D=430&tx_buehrlewerkliste_werkliste%5Bcontext%5D=t&tx_buehrlewerkliste_werkliste%5Baction%5D=show&cHash=0ecd94b763cb5de9391fa43a760254e5,Otto Charles Bänninger,Emil Bührle
191,https://www.buehrle.ch/sammlung/?tx_buehrlewerkliste_werkliste%5Bwerk%5D=191&tx_buehrlewerkliste_werkliste%5Bcontext%5D=t&tx_buehrlewerkliste_werkliste%5Baction%5D=show&cHash=dd46dbc634fc57160d3b02e3059c068a,Oskar Kokoschka,Emil Bührle
183,https://www.buehrle.ch/sammlung/?tx_buehrlewerkliste_werkliste%5Bwerk%5D=183&tx_buehrlewerkliste_werkliste%5Bcontext%5D=t&tx_buehrlewerkliste_werkliste%5Baction%5D=show&cHash=b2c2a039c03aa0693054e2d8634d2bf0,- Rembrandt,Jagdstillleben mit Rohrdommel
415,https://www.buehrle.ch/sammlung/?tx_buehrlewerkliste_werkliste%5Bwerk%5D=415&tx_buehrlewerkliste_werkliste%5Bcontext%5D=t&tx_buehrlewerkliste_werkliste%5Baction%5D=show&cHash=1b86b60e753a114c957d30cfb6483c32,«Gustave Courbet»,Schweinehirtin
423,https://www.buehrle.ch/sammlung/?tx_buehrlewerkliste_werkliste%5Bwerk%5D=423&tx_buehrlewerkliste_werkliste%5Bcontext%5D=t&tx_buehrlewerkliste_werkliste%5Baction%5D=show&cHash=829b4eb579a8df2fceb57a3c2c07b3bd,«Henri Matisse»,Stillleben
420,https://www.buehrle.ch/sammlung/?tx_buehrlewerkliste_werkliste%5Bwerk%5D=420&tx_buehrlewerkliste_werkliste%5Bcontext%5D=t&tx_buehrlewerkliste_werkliste%5Baction%5D=show&cHash=4d6930ce178358b27822c162e7ec0c6c,«Joachim Patinir»,Taufe Christi und Johannespredigt
416,https://www.buehrle.ch/sammlung/?tx_buehrlewerkliste_werkliste%5Bwerk%5D=416&tx_buehrlewerkliste_werkliste%5Bcontext%5D=t&tx_buehrlewerkliste_werkliste%5Baction%5D=show&cHash=b838a319f985fc0f2cc530e4d60cb480,«Rembrandt»,«Selbstbildnis»
424,https://www.buehrle.ch/sammlung/?tx_buehrlewerkliste_werkliste%5Bwerk%5D=424&tx_buehrlewerkliste_werkliste%5Bcontext%5D=t&tx_buehrlewerkliste_werkliste%5Baction%5D=show&cHash=e7a7892dc1eaae1e631ed329f335f38e,«Théodore Géricault»,Pferde in der Koppel
419,https://www.buehrle.ch/sammlung/?tx_buehrlewerkliste_werkliste%5Bwerk%5D=419&tx_buehrlewerkliste_werkliste%5Bcontext%5D=t&tx_buehrlewerkliste_werkliste%5Baction%5D=show&cHash=31a4ca0314f82f7d28397444b0b79396,Judith Gérard (et al.),Kopie nach van Goghs Selbstbildnis für Gauguin
427,https://www.buehrle.ch/sammlung/?tx_buehrlewerkliste_werkliste%5Bwerk%5D=427&tx_buehrlewerkliste_werkliste%5Bcontext%5D=t&tx_buehrlewerkliste_werkliste%5Baction%5D=show&cHash=d18a88778f5440570a98b818eb2735c5,«Jean-Baptiste Greuze»,Laurent Pécheux
