id,x,y
001_Heckel_Alpsee,-6.2361813,9.674142
002_Heckel_Bucht,-6.071905,9.720973
003_Vlaminck_Maison,-8.277611,10.812623
004_Degas_Danseuses_foyer,-2.9653955,5.505916
005_Friesz_Port_Toulon,-8.179718,12.608441
006_Renoir_Nature_morte,-9.143489,4.76358
007_Utrillo_Tour_Montmarte,-9.31115,4.7089596
008_Corot_Foret,-9.484137,4.830829
009_Daubigny_Au_bords,-6.959402,14.105906
010_Utrillo_Rue_Mont_Cenis,-4.9962935,14.680382
011_Pena_Fete,1.0913923,11.158207
012_Pena_Repos,0.9861903,11.096794
013_Courbet_Gorges_Loue,-5.114581,13.340407
014_Gauguin_Route,-12.742306,7.705427
015_Monticelli_Femmes,-1.6174395,6.262874
016_Corot_Quatre_arbres,-11.161124,10.220208
017_Utrillo_Bouquet,-9.279943,4.9365764
018_Sisley_Moret_sur_Loing,-7.7314835,14.066464
019_Pissarro_Bazincourt,-5.5058446,13.03364
020_Renoir_Andree,-1.1901603,1.6589197
021_Monet_Coquelicots_1880,-13.198694,7.4312053
022_Th_Rousseau_Route,-5.2788234,13.5770235
023_Degas_Danseuse_s_habillant,-2.4178178,5.4264545
024_Renoir_Esquisse,-6.2466297,10.796376
025_Cezanne_Paysage_du_nord,-7.6517086,12.156444
026_Corot_Bateau,-11.151168,10.49217
027_Gauguin_Ferme,-5.2366567,12.571091
028_Renoir_Deux_jeunes_filles,-1.2230799,5.114454
029_Cezanne_Sainte_Victoire,-7.1022034,10.17993
030_Gogh_Olivenhain,-6.61992,10.477961
031_Maillol_Ile_de_France,19.055464,2.3081563
032_Fragonard_Venus,1.775413,8.717256
033_Utrillo_Porte_Saint_Martin,-13.450561,8.487965
034_Gogh_Blumenvase,-8.734836,0.8899164
035_Segantini_Muetter,-3.8169587,11.025582
036_Segantini_Strafe,-4.1467924,11.445035
037_Renoir_Lessive,-0.6667924,1.9142628
038_Thoma_Partenkirchen,-5.90149,12.390077
039_Tizian_Madonna,18.979616,6.951209
040_Corot_Richmond,-5.5534277,13.575638
041_Corot_Lecture,-7.4106665,10.960399
042_Manet_Rue_Mosnier,-5.920918,10.033306
043_Utrillo_Place_Pigalle,-4.5481806,15.022113
044_Corinth_Flieder,-6.5100775,8.755913
045_Hofer_Maedchen,-4.5325193,4.593811
046_Marc_Badende,-3.2615669,6.2952642
047_Gogh_Aprikosenbäume,-8.38835,11.624253
048_Renoir_Danseuse_au_tambourin,18.23013,4.3498116
049_Marquet_Faubourg_de_Paris,-9.27984,4.8734975
050_Daubigny_Verger,-8.476889,11.600021
051_Thoma_Borromaische_Inseln,-5.141313,12.104531
052_Monet_La_Cabane,-6.710845,12.669575
053_Cezanne_Estaque,-6.6103597,11.5833845
054_Monet_Jardin_Giverny,-13.535617,7.330135
055_Degas_Danseuses_jupes_saumon_,-2.8031332,5.1105638
056_Gogh_Kopf_einer_Baeuerin,-0.9886512,-0.9533691
057_Manet_Portrait_Mademoiselle_G,-9.466116,4.7501245
058_Monet_Coquelicots_um_1879,-13.511396,7.61202
059_Pissarro_Valhermeil,-7.7982445,13.975888
060_Courbet_Marine,-4.3124027,11.848674
061_Gauguin_Tahiti,-6.5900397,11.360247
062_Toulouse_Lautrec_Souper,-3.5454206,1.4483372
063_Renoir_Paysage_um_1905,-7.1465945,13.407519
064_David_Autoportrait,2.3457181,-1.5260096
065_Greuze_Laurent_Pecheux,1.6163075,-1.7727838
066_Renoir_Source,-1.7210311,1.5138761
067_Renoir_Paysage_de_riviere,-7.8625803,12.129903
068_Tizian_Bildnis,2.0523567,-1.2998855
069_Marquet_Pont_Neuf,-4.6178436,15.463537
070_Renoir_Nature_morte_fruits,-6.8695984,8.070264
071_Segantini_Baeuerin,-0.070031896,10.035333
072_Teniers_Dudelsackpfeifer,3.6871088,0.36968
073_Blechen_La_Spezia,-5.3134117,11.392552
074_Blechen_Faraglioni,-0.9148245,16.913233
075_Blechen_Neapel,-4.26852,12.859544
076_Blechen_Vigna,-5.9780517,12.911557
077_Blechen_Pifferaro,3.3190498,-0.1625099
080_C_D_Friedrich_Hofmusikanten,1.8125386,12.157191
081_G_A_Friedrich_Haeuser,-5.962776,14.170621
082_Hosemann_Rehberger,-0.9824153,12.515617
083_Hosemann_Karikaturen,-2.816204,7.543224
084_Krueger_Madame_Toussaint,0.9776241,-0.04364083
085_Krueger_Schimmel,-0.64991945,12.306352
086_Menzel_Erdarbeiter,-1.9425231,4.1554217
087_Menzel_Schlafender_Mann,-0.7760302,-0.039781377
089_Gauguin_Modele_,-3.3443754,3.423635
090_Gogh_Garten,-7.7752805,13.202375
091_Rodin_Nu_assis_Marmor,18.672598,2.4669766
092_Toulouse_Lautrec_Georges_Henri_M,-0.52622473,-3.4315999
093_Monet_Waterloo_Bridge,-14.372161,8.801135
094_C_D_Friedrich_Abend,-1.5678929,16.906721
096_Dufy_Tulipes_anemones,-5.433159,6.339698
097_Derain_Nymphes,-0.38089055,8.8241205
098_Matisse_Odalisque_tambourin,-2.7962422,2.3604262
099_Courbet_Portrait_Leboeuf,1.1400577,-2.5555484
100_Gogh_Baeuerin_Kopf_Kreide,3.1524699,0.103717834
101_Gauguin_Jeune_femme,-6.4118285,11.90657
102_Signac_Antibes_matin,-5.5656495,10.752134
103_Signac_Venise,-2.56237,16.934183
104_Renoir_Jean_Gabrielle,-0.1859566,1.9396536
105_Pissarro_Femme_noire,1.229862,10.93173
106_Renoir_Bouquet,-8.587647,0.9485038
107_Utrillo_Butte_Pinson,-12.555432,7.584952
108_Monet_Nympheas_1907,-5.782149,9.966048
109_Dufy_Mannequins,-3.4459147,8.309461
110_Friesz_Interieur,-4.320314,12.683223
111_Monet_Tour_Montalban,-2.8642216,16.742893
112_Utrillo_Hippolyte_Jamot,-5.102762,14.605972
113_Delacroix_Cote,-5.835921,11.340431
114_Delacroix_Daniel,3.410082,8.393129
115_Bonnard_Interieur_hires,-2.006688,-1.5835793
116_Bonnard_Fruitiere,-4.215614,2.5206034
117_Monet_Meules,-6.3217707,13.088302
118_Picasso_Courses,-1.7705868,5.7122
119_Monet_Diner,-4.3916273,-0.3109505
120_Marquet_Havre,-13.959643,8.95746
121_Vlaminck_Berges,-7.3770933,9.305294
122_Vlaminck_Chaland,-14.360984,8.614582
123_Degas_Deux_danseuses,-2.5086179,5.372101
124_Menzel_Liegender_Mann,-2.3499546,4.7763944
125_Millet_Bucheron,-0.22425921,9.98037
126_Cezanne_Choquet,2.4758866,-0.61663234
127_Gogh_Selbstbildnis_1887,-0.20030712,-3.570394
128_Manet_Portrait_Alice,-0.42297977,1.0005699
129_Monet_Seine_,-7.618407,13.565989
130_Monet_Bords_Zaan,-1.814154,17.202566
132_Renoir_Femme_accoudee,-1.7865602,2.1946743
133_Renoir_Place_Trinite,-4.428726,15.502175
134_Gaul_Pinguine,18.755388,3.075092
135_Gogh_Turm,-11.99384,8.351211
136_Renoir_Tete_de_femme,-0.84518,2.627022
137_Pissarro_Printemps,-8.238015,11.784372
138_Bonnard_Dejeuner,-4.965632,-0.22522259
139_Goyen_Monfoort,-2.225863,14.797168
140_Flinck_Offizier,2.8008547,-0.4961581
141_Flinck_Dame,2.079145,-0.20950174
142_Hals_Herrenbildnis,2.3471382,-1.1399698
143_Rembrandt_Selbstbildnis,2.7358086,-0.39275157
144__Courbet_Faisan,-7.7621922,2.5015895
145_Menzel_Wohnzimmer,-5.4642954,1.9632059
146_Monticelli_Fete,1.7000316,11.679942
147_Rousseau_Vue_des_bords,-8.577657,11.209885
148_Rousseau_Vue_fortifications,-7.947699,11.360238
149_Boudin_Etaples,-5.856095,13.301538
150_Corot_Fontainebleau,-6.1704745,13.347904
151_Sisley_Hampton_Court,-13.510131,9.4948015
152_Vincent_Jeune_femme,1.5221503,-0.547088
153_Cezanne_Paysage_um_1879,-12.526237,7.698253
154_Degas_Bataille,-0.279801,11.196529
155_Toulouse_Lautrec_Francois_Gauzi,-0.19431165,-3.597404
156_Daumier_Fumeur,-2.8136833,-1.079573
157_Gogh_Park,-6.6399713,10.961316
158_Gogh_Gerard_Selbstbildnis_1888,-0.8226724,-3.6047482
159_1c_Corot_Liseuse,0.4427307,0.18725602
159_4c_Corot_Liseuse,0.049478568,-0.23763554
160_Derain_Vase,-8.142708,1.101684
161_Monet_Camille_au_jardin,-3.1111982,1.6300232
162_Manet_Fleurs,-8.626708,0.61407316
163_Pissarro_Dechargement,-2.3362453,15.817503
164_Monet_Soleil,-6.5296416,12.34187
165_Rodin_Nu_assis_Aquarell,-2.164872,3.0237253
166_Rodin_Nu_couche,-3.3548343,4.552799
167_Cezanne_Garcon,-2.0229194,-2.2446218
168_Manet_Suicide,-3.4979148,-0.36154965
169_Manet_Oloron,-13.8852415,9.120042
170_Gogh_Zwei_Baeuerinnen,-13.247482,7.0521703
171_Cezanne_Oree,-7.7880545,11.356939
172_1c_Degas_Depart,-1.5463152,11.435273
172_4c_Degas_Depart,-1.2853367,11.445263
173_Renoir_Petite_Irene,-2.29757,-0.3385819
174_Ingres_Marie,-0.7482699,2.7185593
175_Renoir_Jeune_femme,0.10646096,0.6522919
176_Cezane_Portrait_chapeau,-0.34802794,-3.6961627
177_Delacroix_Christ,-0.8009457,16.948727
178_Manet_Port,-2.1401362,16.552807
179_1c_Sisley_Bougival,-7.924504,13.759532
179_4c_Sisley_Bougival,-13.804406,9.271843
180_1c_Corot_Moine,0.553348,4.602542
180_4c_Corot_Moine,0.67204964,1.3075856
181_Renoir_Laveuse,19.270927,2.670598
182_Sisley_Seine,-7.9764376,13.319152
183_Lehmbruck_Akt,18.905762,2.6459882
184_Renoir_Paysage_Cagnes,-7.464423,12.739458
185_Courbet_Schweinehirtin,0.94055307,7.054911
186_1c_Degas_Danseueses_au_foyer,-3.4692438,6.7899194
186_4c_Degas_Danseuses_au_foyer,-3.40303,6.4076343
187_1c_Degas_Madame_Camus,0.14141212,-0.1936804
187_4c_Degas_Madame_Camus,-0.55556697,-0.54810464
188_1c_Manet_Toilette,-1.8204303,1.7250614
188_4c_Manet_Toilette,-1.9201376,1.2773395
189_Gogh_Kastanienzweige,-13.917063,7.296071
190_Gogh_Kornfeld,-6.376888,10.410085
191_Cezanne_Baigneuses,-1.9871927,7.325941
192_Delacroix_Autoporait,1.1103514,-2.3647435
193_Degas_Femme,-3.341387,0.48800263
194_Signac_Canal,-14.326986,8.800403
195_Braque_Nature_morte,-6.202642,6.007328
196_Braque_Nu,-4.373621,5.6696925
197_Cézanne_Mont_de_Cengle,-12.032223,7.074412
198_Degas_Classe_de_ballet,-2.6633341,5.695979
199_Matisse_Carnaval,-3.798069,9.056335
200_Seurat_Parade,-4.52596,7.048938
201_Rouault_Couple_Loge,-4.0997972,-0.3498116
203_Courbet_Biches,-12.083965,9.423685
204_Boucher_Nymphe,0.93155766,8.119545
205_Gogh_Seine_Bruecken_hires,-14.115109,8.63995
206_Manet_Bassin_Arcachon,-11.668756,10.525903
207_Manet_Maree_montante,-1.1747664,17.124521
208_Bonnard_Place,-14.207794,8.72472
209_Degas_Piano_bras_Inv_30,-2.1321764,3.9724374
210_Degas_Piano_bras_mains_Inv_31,-1.8985121,3.2665036
211_Manet_Bellevue,-13.048144,7.6282506
212_Toulouse_Lautrec_Messaline,-3.2168732,0.06652409
213_Modigliani_Liegender_Akt_1916,-3.1048026,2.716677
214_Gogh_Sämann,-14.05236,8.002326
215_Delacroix_Apollon,4.02715,8.363551
216_Seurat_Grande_Jatte,-11.889331,9.896733
217_Dyck_Familie,16.310593,6.38884
218_Matisse_Nu,-3.4016392,4.26592
219_Degas_Cheval,18.930964,2.9535549
220_Degas_Danseuse_regardant,19.207376,2.3579993
221_Derain_Interieur,-5.2475295,0.021516824
222_Courbet_Chateau_Chillon,-5.381886,12.377197
223_Fragonard_Hubert_Robert,0.61080766,-1.3151515
224_Ingres_Portrait,1.6467208,0.028316444
225_Renoir_Moissonneurs,-7.7440205,12.376358
226_Guardi_Rialtobrücke_Oel,-3.4862244,15.108336
227_Pissarro_Paysannes_Montfoucault,0.06652703,6.699283
228_Morisot_Jeune_fille,-2.3428435,-0.685745
229_Gaul_Perlhühner,18.794676,2.9970014
230_Kokoschka_Emil_Buehrle,-1.4958755,-2.9092343
231_Toulouse_Lautrec_Au_lit,-3.7433138,0.6576413
232_Boudin_Kerhor_pecheuses,-1.4702513,15.733253
233_Cezanne_Partie_de_peche,1.2940035,10.259886
234_Dufy_Bord_de_mer,-5.524973,9.042848
235_Renoir_Paysage_avec_baigneuses,-8.397639,10.915374
236_Vlaminck_Nature_morte_bleue,-6.1740723,5.754589
237_Monet_Bassin_aux_nympheas,-14.189402,7.669624
238_Monet_Nympheas_jaunes_et_lilas,-8.457781,10.233738
239_Toulouse_Lautrec_Confettis,-1.7983514,2.6338599
240_Cezanne_Mme_Cezanne_a_leventail,-1.9339828,-0.8798984
241_Gauguin_Tounesol,-13.729422,6.5728965
242_Vuillard__Salon_Natanson,-4.34043,-0.1677545
243_Vuillard_Villeneuve,-7.034063,12.04023
244_Marc_Hund,-5.7006154,5.1676784
245_Daumier_Deux_avocats,-0.91442484,-1.38077
246_Gauguin_Idylle_a_Tahiti,-12.5351715,6.927739
247_Vlaminck_Papeterie,-12.31826,8.009566
248_Guardi_Capriccio,-3.635907,14.464584
249_Cezanne_Begonias,-8.252835,1.6061924
250_Courbet_Maison_Ornans,-5.419454,13.279587
251_Daumier_Orgue,3.352439,11.84575
252_Degas_Ludovic_Lepic,-2.7970722,-0.8938359
253_Ingres_Madame_Ingres,1.3713305,-0.46965814
254_Manet_La_Sultane,-1.7560892,-0.5446093
255_Monet_Bateau,-2.060273,17.016872
256_Pissarro_Conversation,-13.16083,7.751091
257_Renoir_Deux_fillettes,-2.5330405,0.44895107
258_Sisley_Route_Saint_Germain,-13.181906,8.520346
259_Bombois_Bords,-7.274864,14.336708
260_Chappelle_Winterlanschaft,-2.0464346,14.905159
261_Delacroix_Tam_O_Shanter,0.14774778,10.020362
262_Delacroix_Un_officier,-0.16830212,10.6979885
263_Jongkind_Hafen,-1.9762422,16.445997
264_Neer_Kanallandschaft,-1.7233347,14.785315
265_Fantin_Latour_Roses,-8.060699,0.3307675
266_Derain_Parc,-8.443136,11.256209
267_Elsheimer_Heiliger_Hubertus,0.45359576,11.486479
268_Momper_Winterlandschaft,-1.8368208,14.440126
269_Cezanne_Portrait_palette,-0.46736252,-3.8037248
270_Fantin_Latour_Fleurs,-8.685868,0.5928672
271_Vuillard_Modele,-2.5273726,1.7282147
272_Rubens_Kreuzigung,4.505958,9.445801
273_Bonnard_Courses,-4.895239,10.483213
274_Ingres_Angelique,-1.4289727,3.363321
275_Chasseriau_Retour,3.010548,8.989411
276_Marc_Stute,-5.537646,5.773705
277_Daumier_Deux_avocats_1865,-1.7167563,0.5163143
278_Toulouse_Lautrec_Napoleon,-1.2721469,11.091175
279_Monet_Camille_au_petit_chien,1.0587784,0.059250828
280_Kokoschka_Der_Hafen,-4.6274467,11.573762
281_Canal_Canal_Grande,-3.6527288,16.326385
282_Canal_Santa_Maria,-3.5974221,16.383446
283_Picasso_Fleurs,-6.3226457,3.572103
284_Chavannes_Enfant,2.1962323,8.27576
285_Guys_Promenade_au_bois,-1.0190607,12.113344
286_Boudin_Kerhor_port,-1.8937688,16.847172
287_Cezanne_Usine,-12.239829,7.4154434
288_Rubens_Augustin,3.3214328,8.1996
289_Bonnard_Mamans,-1.3799717,5.3390436
290_Gericault_Bataille,2.547036,8.741951
291_Renoir_Vase,-8.627383,0.90972316
292_Cezanne_Fleurs,-3.9265954,-0.4650653
293_Delacroix_Mort_de_Lara,0.8063601,10.675148
294_Jongkind_Kanal,-1.9130597,15.455585
295_Manet_Hirondelles,-12.3478,8.837761
296_Manet_Noix,-8.040979,1.9322162
297_Piassarro_Route_d_Osny,-12.745509,8.397406
298_Toulouse_Lautrec_Grenelle,-0.90719384,0.91298103
299_Gauguin_Pape_Moe,-0.7025265,7.9340754
300_Gericault_Combat_de_chiens,2.875738,8.302746
301_Chardin_Chevre_et_Bacchus,17.947662,5.242535
302_Chardin_Chevres_et_Satyres,17.657633,4.914277
303_Degas_Pas_battu,-2.7335913,5.6093526
304_Gauguin_Couture,-3.437438,1.8220345
305_Delacroix_Sultan_du_Maroc,3.109351,9.639219
306_Derain_Port,-7.41053,9.314467
307_Delacroix_Barque,2.6267502,10.719781
308_Cezanne_Neige,-7.158739,12.110676
309_Picasso_Gustave_Coquiot,-1.0635177,-3.8548257
310_Daumier_Deux_confreres,3.6773794,11.562189
311_Delacroix_Musiciens,2.1290572,11.171403
312_Maillol_Nu_debout,-2.4517279,3.31986
313_Redon_La_derive,-1.4508618,17.096706
314_Redon_Le_Calvaire,0.45460293,6.088745
315_Cassatt_Sleepy_Thomas,-2.5428083,-0.5275989
316_Heyden_Schloss_Goudestein,-4.1917343,14.328451
317_Hobbema_Landschaft,-0.19844125,13.570185
318_Modigliani_Devraigne,-0.48855218,-3.4219694
319_Picasso_Nature_morte,-6.3287177,5.4936686
320_Redon_La_Chute,3.6038008,7.78417
321_Renoir_Julie_Manet,-0.9405748,2.554582
322_Ruysdael_Auf_der_Mare,-1.6836808,16.378517
323_Ruysdael_Rhenen,-11.106605,10.698901
324_Teniers_II_Dorfkirmes,0.79479986,13.161903
325_Marquet_Plya_sur_Mer,-4.2544622,13.08138
326_Vuillard_Visiteuse,-3.1817868,-0.83441687
327_Vlaminck_Interieur,-5.92118,2.2829077
328_Gauguin_Nature_morte,-5.9722676,0.37203982
329_Cezanne_La_Carriere,-7.431712,9.874444
330_Matisse_Lorette,-1.5128617,1.9581516
331_Picasso_Devant_l_eglise,-0.96092117,9.679062
332_Rouault_Clown,-5.820629,3.1060333
333_Dufy_Regates,-7.5550904,9.999377
334_Witte_Oude_Kerk,0.28471136,12.97398
335_Delacroix_Tete,-3.913123,6.4208875
336_Braque_Fruits,-6.529115,1.6178893
337_Delacroix_Marechal,0.6391451,11.6339
338_Matisse_Liseuse,-2.6031384,1.4439474
339_Kalf_Ziehbrunnen,3.6405098,11.530293
340_Ruysdael_Winterlandschaft,-1.4261168,14.514217
341_Cuyp_Doordrecht,2.7063248,8.420993
342_Vlaminck_Nature_morte_table,-6.8453937,5.0973635
343_Vuillard_La_Veille,-6.3016095,6.148176
344_Dufy_Fete_foraine,-5.5736113,0.042628452
345_Fragonard_Alle,-2.6802068,14.049865
346_Boudin_Trouville_plage,-1.5229481,12.8436365
347_Cezanne_Jardinier,-1.8907076,-2.4638355
348_Gris_Arlequin,-6.2900314,4.448527
349_Renoir_Baigneuse,-1.5117778,2.9662035
350_Vuillard_Autoportrait,-0.8665967,-3.3793066
351_Koninck_Landschaft,-3.439288,13.948593
352_Degas_Groupe,-1.0705768,11.722345
353_Braunschweiger_Paradiesgaertlein,16.646439,6.4643593
354_Seurat_Casseur,-2.731133,6.1801333
355_Matisse_Fenetre,-5.9056373,2.0863132
356_Patinir_Taufe_Christi_Inv_156,1.6319224,9.431882
357_Tiepolo_Esther,3.3437283,11.117133
358_Chagall_Barque,-5.665364,6.785451
359_Delacroix_Tasso,2.594272,11.438888
360_Goyen_Flusslandschaft,0.309109,13.460928
361_Seurat_Promeneuse,-3.8564014,5.2100096
362_Bonnard_Arelier,-3.9707358,1.4317659
363_Chagall_Mariage,-1.5934778,9.1587
364_Fantin_Latour_Pivoines,-8.073741,0.3644248
365_Matisse_Paysage,-6.6860366,9.855798
366_Gros_Portrait,2.1608615,-1.3875921
367_Pissarro_Vue_sur_le_village,-12.432152,8.032121
368_Signac_Modistes,-5.010977,0.3486988
369_Braque_Saliere,-6.574678,6.064987
370_Klee_Flottille,-5.490009,9.39942
371_Klee_Wald_Affen_1939,-5.8734565,6.451418
372_Klee_Werbeblatt,-6.4268036,4.771838
373_Netscher_Zitronenverkaeuferin,3.2918398,11.5330715
374_Sisley_La_Baignade,-8.071778,14.212311
375_Constable_Hampstead,-5.069816,13.788948
376_Dufy_Terrasse,-11.633674,6.638567
377_Matisse_Odalisque,-3.2603972,3.0990558
378_Oesterreich_Kreuzigung,5.138344,8.776381
379_Matisse_Pont_Saint_Michel,-13.7197275,8.810692
380_Daumier_Femme,-0.8611485,7.7539577
381_Goya_Tote_Ente,-3.7259145,6.0780053
382_Hooch_Kartenspieler,3.496661,11.388548
383_Rembrandt_Jagdstillleben,1.8564352,6.9964395
384_Ruysdael_Flussufer,-11.218348,10.99994
385_Cezanner_Paysage_provencal,-6.604753,12.194529
386_Fragonard_Charlatans,2.6309433,11.85594
387_Fragonard_Marchands,3.4464743,10.999546
388_Toulouse_Lautrec_Deux_amies,-3.668374,0.5194535
389_Modigliani_Liegender_Akt_Kissen_1917,-3.740802,3.9946353
390_Gericault_Combat_de_cavaliers,1.9518967,9.989006
391_Modigliani_Brustbild,-2.2582185,2.4086363
392_Renoir_Faisan,2.7581007,7.4525876
393_Rouault_Pere,-6.0056114,4.8905115
394_Vlaminck_Paysage,-7.338252,10.240834
395_Lueneburg_Die_Flucht,17.02379,6.4123325
396_Degas_Petite_Danseuese_Bronze,19.888586,2.0026953
397_Cezanne_Jeune_baigneurs,-2.9634297,3.1943119
398_Cezanne_Paysage_de_Provence,-5.232826,12.890785
399_Guardi_Bucht,-3.8163111,16.337046
400_Robusti_Die_Kreuztragung,4.403761,8.669397
401_Toulouse_Lautrec_Au_cirque,-3.9442017,6.9005237
402_Pissarro_Payanne_laine,0.17367308,5.8396883
403_Renoir_Dahlias,-8.8592005,0.28632742
404_Vlaminck_Oranges,-6.017965,0.13737911
405_Brueghel_Bauerntanz,1.8202878,12.688484
406_Daumier_Spectacle,-0.8191314,-1.253967
407_Munch_Badende,-6.4776473,7.052124
408_Munch_Maedchen,-3.6609683,9.676353
409_Bonnard_Paysage,-7.301602,11.47619
410_Signac_Portrait,-5.9663987,6.2686152
411_Picasso_Enfant_et_femme,-2.4162736,4.985103
412_Vuillard_Le_Salon_vert,-4.292254,1.1048896
413_Marc_Aeffchen,-6.2200146,7.091699
414_Niederlande_Kalvarienberg,5.1063294,8.585286
415_Guys_Chiens,-3.1990154,8.6110325
416_Guardi_Marionettentheater,-1.745367,13.694697
417_Delacroix_Amphitrite,3.3371398,8.506375
418_Delacroix_Bacchus,3.1672401,8.853327
419_Renoir_Composition,-2.50132,4.7055235
420_Picasso_Italienne,-6.2022843,3.474815
421_Savery_Tiere,-0.18687911,9.136032
422_Guardi_Canal_Grande,-3.2833037,16.126219
423_Guardi_Rialtobruecke_Tusche,-3.3115993,15.94437
424_Matisse_Stillleben,-5.825383,0.35807335
425_Fantin_Latour_Autoportrait,1.3763254,-1.8513796
426_Braque_Homme_au_violon,-6.509264,4.02597
427_Vuillard_Numero_Zauberer,-4.8009734,0.9474296
428_Soutine_Portrait,-1.5580904,-0.7939046
429_Toulouse_Lautrec_Femme_rousse,-0.49458763,0.8403123
430_Segonzac_La_Route,-8.122477,13.069878
431_Manet_La_Viennoise,0.058370523,0.6231822
432_Boudin_Berck,-11.880426,10.369267
433_Vuillard_Grand_nu,-3.6927326,2.4167616
434_Rouault_Cavaliers,-1.4927509,9.190318
435_Beert_Blumenstillleben,-8.631405,0.5985572
436_Macke_Clown,-6.1524324,4.3703294
437_Steen_Zeitungsleser,2.6496775,9.982618
438_Modigliani_Liegender_weiblicher_Akt_um_1918,-3.8879073,4.6283994
439_Ostade_Winterlandschaft,-1.3220671,13.9812355
440_Macke_Kinder,-6.2889233,6.149856
441_Ingres_Hippolyte_Devillers,2.3302577,-1.490977
442_Goya_Maria_Ana_Graefin,1.169306,-0.09883978
443_Soutine_Deux_faisans,-3.9866588,0.22059448
444_Berckheyde_Der_Dam,-3.8270767,15.139544
445_Boucher_Deux_paysannes,2.396042,9.875251
446_Courbet_Portrait_homme,3.0331106,-0.72635466
447_Goya_Prozession,0.62431854,13.064911
448_Ochtervelt_Backgammon,2.3205562,7.6375985
449_Goya_Bildnis,1.4590359,-0.22797589
450_Ruisdael_Waldlandschaft,-3.9879355,13.771778
451_Sisley_Chalands,-13.241382,9.85252
452_Teniers_Raucher,3.1645122,11.153481
453_Picasso_Cupidon,-2.5750258,3.7173712
454_Picasso_Jeu,-1.6055965,7.6367755
455_Picasso_Jeune_fille,-2.7580366,4.3660355
456_Picasso_Nu,-3.17393,4.113177
457_Chavannes_Fantaisie,-0.00028311796,8.0494375
458_Terborch_Besuch,2.4239478,11.4898
459_Patinir_Taufe_Christi_Inv_157,1.1240879,9.270512
460_Bonnard_Femme,-3.4618473,-0.15855668
461_Brouwer_Landschaft,-6.7650037,13.512046
462_Dufy_Courses,-4.3794365,9.345461
463_Ingres_Dr_de_France,2.2509687,-1.5146835
464_Picasso_Barcelone,-11.675635,7.2497444
465_Gaul_Reh,19.113075,2.993802
466_Koninck_Jaegerbursche,3.544585,0.111699134
467_Derain_Eglise,-8.278056,10.633182
468_Picasso_Nu_de_jeune_fille,-4.1201077,4.313565
469_Renoir_Alfred_Sisley,1.6030962,-2.3278024
470_Heckel_Akte_am_Strand,-4.2497377,8.283965
471_Heckel_Blick,-6.6825185,9.330539
472_Heckel_Duenen,-6.394239,9.240928
473_Kandinsky_Aufstieg,-7.0859265,4.830649
474_Kandinsky_Blauer_Reiter,-3.373927,10.428893
475_Kandinsky_Von_Einem,-6.9738564,4.4463973
476_Rubens_Die_Verteidiger,3.972932,10.43484
477_Guardi_Heilige_Familie,2.381667,10.685614
478_Kalf_Nautilusschale,-7.326662,0.5104925
479_Kessel_Flusslandschaft,-3.1856577,14.167464
480_Leyden_Speisung,2.1596956,11.408638
481_Braque_Canephore,-2.3463933,3.25579
482_Saenredam_St_Bavo,1.3152499,9.091144
483_Manet_Grand_duc,-4.0763593,6.584795
484_Bles_Waldige_Landschaft,-2.7337396,13.889938
485_Koninck_Flusslandschaft,-2.9313312,14.4029255
486_Lancret_Concert,2.883074,11.640894
487_Aelst_Jagdstillleben,-4.78562,6.111538
488_Corinth_Selbstbildnis,-0.633189,-3.1183412
489_Marc_Mädchenakte,-3.4005678,3.8576796
490_Zurbaran_Heilige_Katharina,2.125608,-0.19248703
491_Konstanz_Heilige_Laurentius,21.327772,3.307124
492_Konstanz_Heilige_Mauritius,21.549719,3.0980642
493_Brouwer_Fest,1.7696818,12.485174
494_Bonnard_Pont_de_Paris,-5.17906,12.777209
495_Lepine_Vue_de_Port,-2.3207066,16.764618
496_Signac_Saint_Cast,-4.840018,12.311059
497_Picasso_Guitariste,-2.7588215,6.4381433
498_Vlieger_Kuestenlandschaft,-1.8487068,15.14034
499_Ruisdael_Haarlem,-2.615256,14.773071
500_Gris_Fruits,-6.6717362,5.2044196
501_Boudin_Trouville_les_jetees,-12.225088,10.5823145
502_Fresnaye_Nature_morte,-6.602429,6.4770365
503_Gris_Carafe,-6.977638,4.1130424
504_Gris_Poire,-6.7810693,4.1616106
505_Braque_Port_Estaque,-14.334792,9.164988
506_Cezanne_Tentation_Saint_Antoine,3.0223794,7.817448
507_Gericault_Scene_de_bataille_,-0.4126126,11.945586
508_Velde_Standlandschaft,-1.3614285,17.215708
509_Corot_Pamphili,-9.414022,4.794152
510_Macke_Papageien,-4.1196527,7.8916807
511_Tiepolo_Das_Bad,2.697399,8.67443
512_Guardi_Im_Hof,-2.996907,14.744995
513_Heem_Stillleben,-7.3808775,1.1354872
514_Bril_Tiber,-3.3145335,14.23571
515_Bonnard_Ambroise_Vollard,-0.43252137,-3.6734173
516_Ensor_Petit_theatre,-1.7077976,7.853371
517_Macke_Orient_Frauen,-4.8728495,4.8700523
518_Corot_Ital_Hirt,3.4700406,-0.018112196
519_Gogh_Stillleben,-8.219887,1.6186616
520_Pechstein_Stillleben,-6.578679,2.4086893
521_Guys_Promenade_parc,-1.7117015,11.173187
522_Spanien_um_1600_Stillleben,-7.903967,2.2745767
523_Goya_Spielende_Kinder_I,2.0604136,12.020443
524_Goys_Spielende_Kinder_II,2.3051577,12.199741
525_Strozzi_Heilige_Katharina,2.3093333,0.5079634
526_Kirchner_Schreitende,-3.3469188,5.925488
527_Kirchner_Taenzerinnen,-3.5420198,5.1586123
528_Braque_Verre,-6.5643325,6.0879784
529_Theotokopoulos_Geburt_Maria,3.4591758,8.093738
530_Guys_Carrosse,-1.6939247,10.953793
531_Guys_Promenade_a_cheval,-1.5177796,11.575444
532_Guys_Revue,-1.2305504,12.279318
533_Guys_Rue_de_la_Lune,-2.7938569,1.4768257
534_Guardi_Kreuzigung,4.4302287,8.577776
535_Chavannes_Concordia,2.8741186,9.05802
536_Cezanne_Le_Vase,-7.8613205,1.4425688
537_Rubens_Reiterschlacht,1.7399337,10.993759
538_Toulouse-Lautrec_Regisseur,-2.4760764,1.2447878
539_Gauguin_Offrande_Opfergabe_hires,-4.7147694,0.72538906
540_Salzburg_Thronende_Muttergottes,19.59398,6.8575397
542_Russ_Ravensburg_Hl_Elisabeth,21.186008,3.8597157
543_Sueddeutschland_Stehende_Muttergottes,19.378426,5.6051097
544_Riemenschneider_Stehende_Muttergottes,19.640837,6.652118
545_Mittelrhein_Pieta,20.476862,5.2579646
546_Ulm_Heiliger_Georg,21.204899,2.819908
547_Salzburg_Stehende_Muttergottes,19.740332,6.3478084
548_Antwerpen_Hl_Maria_Magdalena,20.95179,3.1973808
549_Flandern_Die_Kroenung_der_Jungfrau,18.811275,4.82094
550_Mittelrhein_Jungfrau_der_Verkuendigung,19.782286,5.722989
551_Riemenschneider_Jungfrau_der_Verkuendigung,20.63337,4.46757
552_Sueddeutschland_Klagender_Johannes,19.892492,3.8333395
553_Syrlin_Heilige_Barbara,20.651787,3.8709846
554_Syrlin_Heilige_Katharina,21.151518,3.7873228
555_Vorarlberg_Junger_Heiliger,20.642344,2.2429645
556_Mittelrhein_Heilige_mit_Buch,20.124256,4.1572566
557_Boehmen_Stehende_Muttergottes,19.288517,6.541344
558_Elsass_Anbetung_der_Koenige,17.103638,6.337319
559_Weckmann_Stehende_Muttergottes,19.181969,5.648518
560_Leinberger_Heiliger_Georg_zu_Pferd,19.39943,3.87043
561_Syrlin_Jungfrau_der_Verkuendigung,20.833519,3.9498067
562_Thueringen_Stehende_Muttergottes,19.573135,8.143051
563_Auvergne_Thronende_Muttergottes,19.559313,9.022667
564_Tirol_Heiliger_Ulrich,21.423569,3.626054
565_Schwaben_Thronender_Christus,20.716211,3.7065682
566_Riemenschneider_Diakon_I,20.163965,3.3516908
567_Riemenschneider_Diakon_II,20.71327,3.1656792
568_Schwaben_Stehende_Muttergottes,19.728327,6.9287586
569_Bodensee_Kruzifix,18.860899,5.3194985
570_Nuernberg_Ein_Paar_Leuchterengel,20.576817,4.8966923
571_Sachsen_Dornenkroenung,17.767963,6.106041
572_Sachsen_Kreuztragung,18.074797,6.027533
573_Salzburg_Geburt_Christi,18.173916,5.805306
574_Ulm_Stehende_Muttergottes,19.420382,8.534064
575_Greiff_Ein_Paar_Stehende_Engel,20.183327,5.383814
576_Niederbayern_Stehende_Muttergottes,19.568062,8.725808
577_Bayern_Heiliger_Bischof,21.214561,4.317779
578_Bayern_Ein_Paar_Leuchterengel,20.35068,4.8734436
579_Salzburg_Muttergottes_Mondsichel,19.49685,4.3803315
580_Sueddeutschland_Johannes_der_Taeufer,20.056059,3.2996428
581_Tirol_Beweinung_Christi,17.616148,6.604718
582_Bayern_Kopf_einer_Heiligen,20.565786,4.0378547
583_Oberitalien_Thronende_Muttergottes,20.472986,5.853062
584_Spanien_Thronende_Muttergottes,19.753134,6.2751956
585_Flandern_Die_Anbetung_der_Hirten,18.670065,7.419516
586_Oberbayern_Thronende_Muttergottes,19.326359,8.279769
587_Bayern_Oesterreich_Vesperbild,18.797653,8.98112
588_Oberrhein_Heiliger_Christophorus,19.070223,3.6632857
589_Niederland_Stehender_Knappe,20.828346,1.8912063
590_Umkreis_Sluter_Jungfrau,21.354864,3.9754272
591_Oberoesterreich_Beweinung,18.443754,8.017172
592_Oesterreich_Jungfrau_der_Verkuendigung,20.761086,5.4421215
593_Sueddeutschland_Heilige_Barbara,20.460066,4.4100304
594_Koeln_Stehende_Muttergottes,19.943369,6.701628
595_Schwaben_Heilige_Barbara,19.758345,5.3966107
596_Schwaben_Heiliger_Eligius,20.820791,2.5016794
597_Sueddeutschland_Heiliger_Pantaleon,20.59656,2.495175
598_Sueddeutschland_Muttergottes,19.068727,8.38403
599_Tirol_Heiliger_Mauritius,20.911942,1.9748349
600_Umkreis_Weckmann_Hl_Genovefa,19.88094,9.497718
601_Umkreis_Weckmann_Hl_Sebastian,19.707802,9.58386
602_Schwaben_Schutzmantelmadonna,19.22915,8.481165
603_Oberbayern_Vesperbild,18.757948,8.860119
604_Ile_de_France_Stehende_Muttergottes,19.823874,6.5510015
605_Schwaben_Hl_Barbara,19.495552,9.44264
606_Sueddeutschland_Engel,20.229103,2.3293066
607_Sueddeutschland_Jungfrau,20.965794,5.298649
608_Boehmen_Stehende_Muttergottes,20.188791,7.421273
609_Goetsch_Heilige_Theresa,20.536266,2.9634678
610_Sueddeutschland_Pieta,20.360357,5.9625654
611_Mittelrhein_Stehende_Muttergottes,19.395607,9.177814
612_Augsburg_Sitzende_Mutergottes,19.573635,6.822072
613_Toskana_Heiliger_Sebastian,19.607296,2.7037506
614_Rhein_Mosel_Maria_lactans,19.92111,4.3246117
615_Weckmann_Heilige_Sippe,18.03485,7.571115
616_Bayern_Heilige_Barbara,19.783655,9.584704
617_Bayern_Thronende_Muttergottes,19.96383,6.8166423
618_Franken_Heiliger_Bischof,20.09462,9.087528
619_Sueddeutschland_Christkind,19.195597,4.7049403
620_Steiermark_Heiliger_Ritter,20.495354,1.7714343
621_Sueddeutschland_Heiliger_Georg,20.475348,2.3530376
622_Spanien_Thronender_Petrus,20.491365,3.5031912
623_Bayern_Tirol_Muttergottes,19.00564,6.72104
624_Oberrhein_Auferstehungs_Christus,19.34832,9.53186
625_Schweiz_Vesperbild,19.056356,8.802556
626_Lederer_Kleiner_Mann,20.511934,1.8662429
627_Auvergne_Heiliger_Michael,19.938381,8.982115
628_Ile_de_France_Muttergottes,18.78774,5.075791
629_Burgund_Nonne,19.995823,5.101027
630_Ostfrankreich_Stehende_Muttergottes,19.759226,8.875886
631_Lothringen_Thronende_Muttergottes,19.991982,4.528721
632_Glesker_Johannes,19.784315,3.7759736
633_Bayern_Heiliger_Michael,20.988985,4.0067315
